wallet,nft_count,token_ids,contract,snapshot_time
0xc8f3e10bee30e9c51bf9b3636b87c15b65b10483,31,"1,39,38,48,47,46,45,8,9,44,43,12,13,41,15,40,17,18,19,20,21,42,36,35,25,26,37,28,34,30,33",0x121c02c851cd0434a1bfc584ea9895b6aa2c114b,2026-08-07T14:22:38Z
0x09e0178f584954b9366138c00e1870a59d7cc3e6,5,"224,164,136,138,77",0x121c02c851cd0434a1bfc584ea9895b6aa2c114b,2026-08-07T14:22:38Z
0xf27b9704a15ffe47818fd48660d952235e9c39af,3,"49,214,197",0x121c02c851cd0434a1bfc584ea9895b6aa2c114b,2026-08-07T14:22:38Z
0xc8d8d70173f00d738c66b08c01a4b0deda09dcb9,3,"31,239,66",0x121c02c851cd0434a1bfc584ea9895b6aa2c114b,2026-08-07T14:22:38Z
0x67998fcd1cde0373087aef24260a757295e1573b,3,"206,83,237",0x121c02c851cd0434a1bfc584ea9895b6aa2c114b,2026-08-07T14:22:38Z
0xdb382e8c08e68d8e8e6f35439b6875c84b3d2887,2,"189,157",0x121c02c851cd0434a1bfc584ea9895b6aa2c114b,2026-08-07T14:22:38Z
0x1828486d9c4f4424535ef75e490c559a9c3f87a5,2,"174,235",0x121c02c851cd0434a1bfc584ea9895b6aa2c114b,2026-08-07T14:22:38Z
0x09495fa710dd218d520188e352f4d7b3d37a9915,2,"211,234",0x121c02c851cd0434a1bfc584ea9895b6aa2c114b,2026-08-07T14:22:38Z
0xf46723396817d88e10b4c1e68147ee284e020a29,1,4,0x121c02c851cd0434a1bfc584ea9895b6aa2c114b,2026-08-07T14:22:38Z
0xf3e1a8bd6ecf8773f168c6c368e379c685b0d509,1,5,0x121c02c851cd0434a1bfc584ea9895b6aa2c114b,2026-08-07T14:22:38Z
0xedae79fd1b22a0028d99e98997355d2e9a40052c,1,87,0x121c02c851cd0434a1bfc584ea9895b6aa2c114b,2026-08-07T14:22:38Z
0xe046e97b43bfe688c739012b12606a8963418610,1,23,0x121c02c851cd0434a1bfc584ea9895b6aa2c114b,2026-08-07T14:22:38Z
0xc8b806eaf62dbed134ee918f8beb9244182eed45,1,27,0x121c02c851cd0434a1bfc584ea9895b6aa2c114b,2026-08-07T14:22:38Z
0xc660cbf38011007f975744df85fc591c194d17c3,1,16,0x121c02c851cd0434a1bfc584ea9895b6aa2c114b,2026-08-07T14:22:38Z
0xc1ce096e968b98be8861aff0b7b3772ac7d37d52,1,53,0x121c02c851cd0434a1bfc584ea9895b6aa2c114b,2026-08-07T14:22:38Z
0xc0600afc2528e16921853f4136ccba7ceca05fc3,1,10,0x121c02c851cd0434a1bfc584ea9895b6aa2c114b,2026-08-07T14:22:38Z
0xbae3b059236e7953d0d876f2b649d2187bf2d750,1,75,0x121c02c851cd0434a1bfc584ea9895b6aa2c114b,2026-08-07T14:22:38Z
0xa3c05c79a165b9d2edfffaa761f5c5dba2ca672d,1,3,0x121c02c851cd0434a1bfc584ea9895b6aa2c114b,2026-08-07T14:22:38Z
0x9212e88750a88b8000668b8785513e5b34dd1c82,1,195,0x121c02c851cd0434a1bfc584ea9895b6aa2c114b,2026-08-07T14:22:38Z
0x8be23edd6c45687ee588cf6e38489db2cfc4ca3c,1,11,0x121c02c851cd0434a1bfc584ea9895b6aa2c114b,2026-08-07T14:22:38Z
0x8bbef539c1ed386bac9dbd50b53adc4c58a028fc,1,84,0x121c02c851cd0434a1bfc584ea9895b6aa2c114b,2026-08-07T14:22:38Z
0x6eaffb32ba01fb8b235f34ea868554c71635dbd9,1,6,0x121c02c851cd0434a1bfc584ea9895b6aa2c114b,2026-08-07T14:22:38Z
0x37df0e34dc942d2ab60206748fb101fa51fd7992,1,7,0x121c02c851cd0434a1bfc584ea9895b6aa2c114b,2026-08-07T14:22:38Z
0x308ff48fc1542469e8493237b8c5613c2a49f706,1,32,0x121c02c851cd0434a1bfc584ea9895b6aa2c114b,2026-08-07T14:22:38Z
0x305963f9afc69033ce501d80e0b5981c6e8ac18f,1,168,0x121c02c851cd0434a1bfc584ea9895b6aa2c114b,2026-08-07T14:22:38Z
0x275a5e637d2ca1d710733e06fc36ffb6b421105f,1,14,0x121c02c851cd0434a1bfc584ea9895b6aa2c114b,2026-08-07T14:22:38Z
0x1882feb04aa44a9c4d4a8faca9c41b408c3b2ff0,1,183,0x121c02c851cd0434a1bfc584ea9895b6aa2c114b,2026-08-07T14:22:38Z
0x124dc8f66ad6e800774ceedbf7ee6c6ece51f2a0,1,50,0x121c02c851cd0434a1bfc584ea9895b6aa2c114b,2026-08-07T14:22:38Z
0x072d1485c8fee948ff35550ba36f9072b75ba029,1,29,0x121c02c851cd0434a1bfc584ea9895b6aa2c114b,2026-08-07T14:22:38Z
0x0608037fd563fa0d159adb934ffc9035df56fb88,1,24,0x121c02c851cd0434a1bfc584ea9895b6aa2c114b,2026-08-07T14:22:38Z
0x00a29cae3403b4da1b34d5d6888b5d28b3779c54,1,2,0x121c02c851cd0434a1bfc584ea9895b6aa2c114b,2026-08-07T14:22:38Z
0x00440dab461c7f4407961d92c6b8c7bab7a17314,1,22,0x121c02c851cd0434a1bfc584ea9895b6aa2c114b,2026-08-07T14:22:38Z
