wallet,nft_count,token_ids,contract,snapshot_block,snapshot_time
0xd6c9165b33d6bdb623540c9fbdfdab33ed219502,500,"60,77,119,203,227,250,253,274,353,356,369,374,411,445,450,467,499,527,648,702,869,916,919,920,930,941,953,976,979,981,1034,1061,1106,1107,1110,1111,1133,1146,1233,1243,1281,1284,1285,1292,1296,1299,1301,1302,1320,1324,1325,1328,1337,1343,1350,1354,1355,1356,1357,1358,1359,1360,1361,1362,1363,1373,1390,1401,1409,1411,1414,1417,1419,1429,1442,1515,1833,1834,1835,1837,1840,1842,1845,1855,1889,1899,1902,1910,1919,1949,2054,2100,2116,2151,2160,2198,2243,2278,2280,2285,2326,2442,2446,2456,2462,2471,2500,2526,2531,2622,2625,2654,2669,2700,2702,2703,2704,2729,2733,2738,2739,2740,2742,2743,2745,2854,2885,3042,3046,3058,3142,3158,3163,3258,3273,3275,3310,3313,3337,3341,3351,3364,3368,3370,3441,3473,3482,3483,3498,3556,3908,3925,3938,3961,3986,4034,4038,4040,4065,4069,4219,4241,4262,4281,4283,4287,4289,4290,4291,4299,4313,4315,4322,4323,4330,4331,4333,4338,4344,4345,4346,4347,4348,4349,4350,4354,4356,4357,4358,4359,4362,4364,4367,4378,4381,4382,4383,4384,4393,4394,4395,4396,4397,4400,4401,4402,4425,4438,4516,4548,4607,4634,4636,4669,4671,4672,4673,4674,4681,4714,4715,4716,4717,4718,4720,4721,4729,4734,4735,4736,4761,4762,4764,4765,4769,4770,4773,4776,4779,4792,4794,4795,4799,4805,4806,4809,4850,4855,4856,4857,4861,4882,4913,4946,4959,4969,4974,4975,4976,4977,4978,4979,4980,4981,4982,4983,4984,4985,4986,4987,4988,4989,4990,4991,4993,5318,5325,5329,5330,5340,5350,5355,5358,5359,5424,5425,5430,5431,5432,5433,5494,5497,5525,5526,5536,5613,5634,5635,5636,5637,5638,5639,5640,5651,5652,5653,5654,5655,5656,5657,5658,5659,5660,5661,5662,5663,5664,5666,5667,5668,5669,5670,5698,5741,5776,5807,5809,5887,5922,5929,5941,5946,5970,5980,5981,5988,5989,5999,6000,6005,6018,6037,6038,6039,6040,6041,6042,6043,6044,6053,6058,6059,6065,6126,6127,6128,6129,6130,6131,6132,6134,6176,6235,6291,6330,6394,6395,6459,6518,6548,6549,6552,6553,6783,6847,6851,6948,7051,7074,7150,7165,7252,7260,7320,7383,7500,7628,7826,7952,7957,7959,7963,7993,7994,7995,7997,7998,7999,8000,8001,8013,8014,8015,8016,8017,8018,8030,8033,8036,8042,8045,8046,8047,8048,8049,8067,8207,8208,8231,8232,8274,8373,8374,8410,8424,8440,8481,8552,8555,8556,8593,8594,8595,8598,8600,8613,8614,8616,8619,8683,8747,8830,8921,8942,8946,8979,8981,8982,9008,9009,9014,9020,9026,9076,9077,9078,9079,9083,9085,9090,9111,9125,9144,9146,9161,9195,9273,9283,9290,9292,9297,9334,9355,9356,9372,9380,9429,9433,9434,9435,9436,9458,9471,9545,9558,9615,9622,9678,9726,9742,9743,9744,9747,9759,9771,9774,9795,9798,9887,9914",0xbeae0fd8ccecc76afcc137d89f2b006e8c543c84,62514232,2026-08-07T00:16:08Z
0xe58d27b83d8f9efd2b6d7eff0aabf92ae1ff5df9,500,"7,34,46,62,65,70,75,93,96,229,294,317,318,319,334,341,347,352,360,406,440,444,460,497,504,515,523,534,536,665,716,724,725,755,760,763,939,975,1007,1138,1208,1212,1219,1236,1258,1260,1272,1297,1309,1318,1352,1377,1513,1798,1851,1858,1860,1884,1976,2113,2136,2144,2163,2203,2211,2216,2217,2223,2228,2230,2232,2288,2322,2334,2335,2492,2511,2550,2566,2567,2568,2569,2570,2578,2579,2604,2606,2612,2614,2615,2616,2618,2627,2632,2633,2637,2671,2672,2678,2755,2756,2757,2758,2759,2762,2764,2818,2830,2839,2844,2848,2849,2850,2869,2870,2876,2884,2897,2899,2928,3014,3016,3131,3151,3159,3204,3207,3213,3218,3222,3237,3239,3242,3269,3282,3287,3295,3302,3319,3329,3331,3342,3350,3353,3354,3356,3376,3390,3405,3412,3419,3451,3457,3458,3459,3461,3474,3477,3485,3488,3496,3499,3502,3510,3514,3555,3559,3560,3561,3627,3853,3875,3877,3919,3937,3972,3977,3979,3983,3990,3991,3993,4002,4009,4013,4014,4036,4043,4048,4071,4072,4109,4110,4113,4115,4310,4406,4408,4419,4421,4422,4434,4479,4486,4521,4522,4531,4576,4591,4597,4599,4600,4601,4603,4609,4610,4766,4787,4797,4804,4844,4846,4864,4866,4871,4958,4963,4995,5174,5176,5177,5180,5185,5188,5211,5223,5319,5327,5345,5347,5348,5349,5353,5357,5501,5537,5609,5611,5642,5647,5772,5779,5819,5863,5895,5933,5939,5949,5959,5966,5992,6290,6325,6327,6401,6490,6567,6578,6584,6588,6594,6601,6603,6605,6640,6697,6702,6705,6730,6782,6863,6911,7058,7107,7113,7120,7133,7135,7146,7156,7170,7206,7207,7208,7209,7210,7211,7213,7214,7215,7230,7231,7232,7233,7234,7235,7236,7237,7238,7239,7240,7242,7257,7288,7300,7301,7302,7310,7311,7312,7313,7314,7315,7316,7317,7318,7319,7329,7336,7338,7339,7340,7366,7367,7368,7369,7370,7371,7372,7373,7374,7375,7377,7389,7390,7393,7405,7436,7437,7438,7439,7440,7441,7442,7443,7444,7445,7455,7463,7464,7465,7466,7468,7469,7480,7481,7482,7483,7484,7485,7487,7488,7495,7496,7498,7499,7501,7503,7543,7567,7568,7569,7570,7571,7572,7573,7574,7575,7576,7622,7634,7635,7643,7647,7663,7665,7667,7668,7669,7670,7671,7672,7673,7674,7675,7676,7713,7714,7715,7716,7717,7718,7719,7720,7721,7722,7971,8052,8082,8128,8145,8146,8147,8248,8277,8452,8453,8454,8455,8456,8457,8458,8459,8460,8461,8462,8463,8464,8465,8466,8467,8468,8469,8470,8471,8511,8517,8525,8570,8624,8625,8626,8631,8679,8745,8781,8825,8858,8859,8992,8993,9012,9015,9047,9050,9099,9108,9132,9135,9156,9177,9201,9263,9296,9310,9315,9316,9493,9496,9501,9505,9562,9568,9645,9662,9664,9728,9745,9793,9844,9861,9879,9882,9898,9908,9930,9931,9939,9975,9976",0xbeae0fd8ccecc76afcc137d89f2b006e8c543c84,62514232,2026-08-07T00:16:08Z
0x607e0f6055087f84b192b255b2272446432a4423,500,"2904,2905,2906,2908,2909,2910,2911,2912,2913,2914,2915,2916,2917,2918,2919,2920,2921,2922,2925,2926,2927,2929,2930,2931,2932,2933,2934,2935,2936,2937,2939,2940,2941,2942,2943,2954,2955,2956,2957,2958,2959,2960,2961,2962,2963,2964,2965,2966,2968,2969,2970,2971,2972,2991,4646,4647,4648,4649,4650,4651,4652,4654,4655,4656,4657,4658,4659,4660,4661,4662,4663,4664,4665,4691,4692,4693,4694,4695,4696,4697,4698,4699,4700,4701,4702,4703,4704,4705,4706,4707,4708,4709,4710,4737,4738,4739,4740,4741,4742,4743,4744,4745,4746,4748,4749,4750,4751,4752,4753,4754,4755,4756,4813,4814,4815,4816,4817,4818,4819,4820,4821,4822,4823,4824,4825,4826,4827,4828,4829,4831,4832,5293,5294,5295,5296,5297,5300,5301,5302,5303,5304,5305,5306,5307,5309,5310,5311,5504,5505,5506,5507,5508,5509,5510,5511,5512,5513,5514,5515,5516,5517,5518,5519,5520,5521,5522,5523,6748,6749,6750,6751,6752,6753,6754,6755,6756,6757,6758,6759,6760,6761,6762,6763,6764,6765,6766,6767,6823,6824,6825,6826,6827,6828,6829,6830,6831,6832,6833,6834,6835,6836,6837,6838,6839,6840,6841,6842,6886,6887,6888,6889,6890,6891,6892,6893,6894,6895,6896,6897,6898,6899,6900,6901,6902,6903,6904,6905,6919,6920,6921,6922,6924,6927,6928,6929,6930,6931,6932,6933,6934,6936,6937,6938,6973,6975,6976,6977,6978,6979,6980,6981,6982,6983,6984,6985,6986,6987,6988,6989,6990,6991,6992,6998,6999,7000,7001,7002,7003,7004,7005,7006,7007,7008,7009,7010,7011,7012,7013,7015,7016,7017,7018,7019,7020,7021,7022,7023,7024,7025,7026,7027,7028,7030,7032,7033,7034,7035,7036,7037,7085,7086,7087,7088,7089,7090,7091,7092,7093,7094,7095,7096,7098,7099,7100,7101,7102,7103,7104,7185,7186,7187,7188,7189,7190,7192,7193,7194,7195,7196,7197,7198,7199,7200,7201,7202,7203,7204,7261,7262,7263,7264,7265,7266,7267,7268,7269,7270,7271,7272,7273,7274,7275,7276,7277,7278,7279,7280,7344,7346,7347,7348,7349,7350,7352,7353,7354,7355,7356,7357,7358,7359,7361,7362,7363,7416,7418,7419,7420,7421,7423,7425,7426,7427,7428,7429,7430,7431,7432,7433,7434,7435,7521,7522,7524,7525,7526,7527,7528,7529,7530,7531,7532,7533,7534,7535,7536,7537,7538,7539,7540,7594,7595,7596,7597,7598,7599,7600,7601,7602,7603,7604,7605,7606,7607,7608,7609,7610,7611,7612,7613,7760,7761,7762,7763,7765,7766,7767,7768,7769,7770,7771,7772,7773,7775,7776,7777,7778,7870,7871,7872,7873,7874,7875,7876,7877,7878,7880,7882,7883,7884,7886,7887,7888,7889,9684,9685,9686,9687,9688,9689,9692,9693,9694,9695,9696,9697,9698,9699,9700,9701,9702,9703,9824,9825,9826,9827,9828,9829,9830,9831,9832,9833,9834,9836,9837,9839,9840,9841,9842,9843",0xbeae0fd8ccecc76afcc137d89f2b006e8c543c84,62514232,2026-08-07T00:16:08Z
0x1f14b4c839fa46aee4d4b1f8dae69cb7c26ca53e,500,"1550,1551,1552,1553,1554,1556,1557,1558,1559,1600,1601,1604,1606,1607,1608,1609,1610,1611,1612,1613,1614,1615,1616,1617,1618,1619,1660,1661,1662,1663,1664,1665,1666,1667,1668,1669,1670,1671,1672,1673,1674,1675,1676,1677,1678,1679,1700,1701,1702,1703,1704,1705,1706,1707,1708,1709,1750,1751,1752,1753,1754,1755,1756,1757,1758,1759,2944,2945,2946,2947,2949,2950,2951,2952,2953,2974,2975,2976,2977,2978,2979,2980,2981,2982,2983,3004,3005,3006,3007,3008,3009,3010,3012,3013,3591,3592,3593,3594,3595,3597,3598,3599,3600,3635,3636,3637,3638,3639,3640,3641,3642,3643,4022,4023,4024,4025,4026,4027,4028,4029,4030,4031,4098,4099,4100,4101,4102,4103,4104,4105,4106,4107,4220,4221,4222,4223,4224,4225,4226,4227,4228,4229,7588,7589,7590,7591,7592,7593,7614,7615,7616,7617,7737,7738,7739,7740,7741,7742,7743,7746,7754,7759,7810,7811,7812,7813,7814,7815,7816,7817,7818,7819,7832,7833,7841,7845,7850,7851,7852,7853,7854,7855,7856,7857,7858,7859,7860,7861,7862,7863,7864,7865,7866,7867,7868,7869,7890,7891,7892,7893,7894,7895,7964,7965,7966,7967,7968,7982,7989,7990,7991,7992,8003,8004,8005,8006,8007,8008,8009,8010,8011,8012,8056,8057,8058,8059,8060,8061,8062,8063,8064,8065,8076,8077,8078,8080,8083,8084,8085,8086,8087,8088,8139,8140,8141,8142,8148,8161,8169,8190,8191,8192,8351,8352,8353,8354,8355,8356,8357,8358,8359,8360,8361,8362,8363,8364,8365,8366,8367,8368,8369,8370,8391,8392,8393,8394,8395,8396,8397,8398,8399,8401,8449,8450,8451,8478,8482,8483,8484,8485,8486,8487,8489,8490,8491,8492,8493,8494,8495,8496,8497,8499,8537,8538,8539,8540,8541,8542,8543,8544,8545,8546,8571,8572,8573,8574,8575,8576,8577,8578,8579,8580,8601,8602,8603,8604,8605,8606,8607,8608,8609,8610,8621,8632,8633,8639,8640,8641,8642,8643,8644,8645,8646,8647,8648,8649,8650,8651,8652,8653,8654,8655,8656,8657,8658,8659,8660,8661,8662,8663,8664,8665,8721,8722,8723,8724,8725,8726,8727,8728,8729,8730,8731,8732,8733,8734,8735,8736,8737,8738,8739,8740,8782,8783,8784,8789,8794,8795,8796,8797,8798,8799,8810,8811,8812,8813,8814,8815,8816,8817,8818,8819,8832,8833,8834,8835,8841,8842,8843,8845,8846,8847,8848,8849,8850,8851,8852,8853,8854,8855,8856,8857,8869,8870,8871,8872,8873,8874,8875,8876,8877,8878,8889,8890,8891,8892,8893,8894,8895,8896,8897,8898,8899,8901,8902,8903,8904,8905,8906,8907,8908,8909,8910,8911,8912,8913,8914,8915,8916,8917,8918,8919,8960,8961,8962,8963,8964,8965,8966,8967,8968,8969,9035,9036,9037,9038,9039,9040,9041,9042,9043,9044,9202,9203,9204,9205,9206,9207,9208,9209,9210,9211,9954,9956,9960,9961,9965,9966,9967,9968",0xbeae0fd8ccecc76afcc137d89f2b006e8c543c84,62514232,2026-08-07T00:16:08Z
0xcf3e5a165aa672cdcbad695964dc6c0196d572ae,500,"5047,5049,5051,5052,5053,5054,5055,5056,5057,5059,5060,5061,5062,5063,5064,5065,5192,5193,5194,5280,5281,5282,5283,5284,5285,5286,5287,5288,5289,5290,5291,5292,5364,5365,5366,5367,5368,5369,5370,5371,5372,5373,5374,5375,5376,5377,5378,5379,5380,5381,5382,5383,5384,5385,5386,5387,5388,5389,5390,5391,5392,5393,5394,5395,5396,5397,5398,5399,5400,5401,5402,5403,5474,5475,5476,5477,5478,5479,5480,5481,5482,5483,5484,5485,5486,5487,5488,5489,5490,5491,5492,5493,5584,5585,5586,5587,5588,5589,5590,5591,5592,5593,5594,5595,5596,5597,5598,5599,5600,5601,5602,5603,5671,5672,5673,5674,5675,5676,5677,5678,5679,5680,5681,5682,5683,5684,5685,5686,5687,5688,5689,5690,5701,5702,5703,5704,5705,5706,5707,5708,5709,5710,5711,5712,5713,5714,5715,5716,5717,5718,5719,5720,5721,5722,5723,5724,5725,5726,5727,5728,5729,5730,5731,5732,5733,5734,5735,5736,5737,5738,5739,5740,5784,5785,5786,5787,5788,5789,5790,5791,5792,5793,5794,5795,5796,5797,5798,5799,5800,5801,5802,5803,5824,5825,5826,5827,5828,5829,5830,5831,5832,5833,5834,5835,5836,5837,5838,5839,5840,5841,5842,5843,5886,5927,5948,5969,6010,6011,6032,6033,6066,6067,6068,6069,6070,6071,6072,6073,6074,6075,6076,6077,6078,6079,6080,6081,6082,6083,6084,6085,6086,6087,6088,6089,6090,6091,6092,6093,6094,6095,6096,6097,6098,6099,6100,6101,6102,6103,6104,6105,6106,6107,6108,6109,6110,6111,6112,6113,6114,6115,6116,6117,6118,6119,6120,6121,6122,6123,6124,6125,6146,6147,6148,6149,6150,6151,6152,6153,6154,6155,6156,6157,6158,6159,6160,6161,6162,6163,6164,6165,6189,6190,6191,6192,6193,6194,6195,6196,6197,6198,6199,6200,6201,6202,6203,6204,6205,6206,6207,6208,6209,6210,6211,6212,6213,6214,6215,6216,6217,6218,6219,6220,6221,6222,6223,6224,6225,6226,6227,6228,6250,6251,6252,6253,6254,6255,6256,6257,6258,6259,6260,6261,6262,6263,6264,6265,6266,6267,6268,6269,6356,6357,6358,6359,6360,6361,6362,6363,6364,6365,6366,6367,6368,6369,6370,6371,6372,6373,6374,6375,6436,6437,6438,6439,6440,6441,6442,6443,6444,6445,6446,6447,6448,6449,6450,6451,6452,6453,6454,6455,6497,6498,6499,6500,6501,6502,6503,6504,6505,6506,6507,6508,6509,6510,6511,6512,6513,6514,6515,6516,6522,6523,6524,6525,6526,6527,6528,6529,6530,6531,6532,6533,6534,6535,6536,6537,6538,6539,6540,6541,6620,6621,6622,6623,6624,6625,6626,6627,6628,6629,6630,6631,6632,6633,6634,6635,6636,6637,6638,6639,6642,6643,6644,6645,6646,6647,6648,6649,6650,6651,6652,6653,6654,6655,6656,6657,6658,6659,6660,6661,6662,6663,6664,6665,6666,6667,6668,6669,6670,6671,6672,6673,6674,6675,6676,6677,6678,6679,6680,6681",0xbeae0fd8ccecc76afcc137d89f2b006e8c543c84,62514232,2026-08-07T00:16:08Z
0xf27b9704a15ffe47818fd48660d952235e9c39af,336,"12,30,107,108,109,111,113,131,183,190,200,266,278,280,377,385,446,453,466,478,481,495,670,685,701,739,741,759,873,992,1119,1306,1369,1508,1629,1687,1688,1883,1892,2018,2025,2046,2050,2053,2219,2220,2339,2340,2348,2353,2364,2366,2367,2371,2375,2376,2377,2378,2379,2380,2381,2382,2383,2384,2385,2387,2388,2389,2390,2391,2392,2393,2394,2395,2396,2397,2398,2399,2400,2401,2402,2403,2404,2405,2406,2407,2408,2409,2410,2411,2412,2413,2414,2415,2416,2417,2418,2419,2420,2421,2422,2583,2584,2585,2586,2587,2588,2589,2590,2591,2592,2593,2594,2595,2596,2597,2598,2599,2600,2601,2602,2643,2644,2645,2646,2647,2648,2649,2650,2651,2652,2664,2777,2798,2805,2809,2810,2813,2901,3280,3335,3424,3435,3831,3929,4066,4080,4087,4097,4304,4524,4533,4537,4541,4542,4549,4551,4562,4574,4786,4788,4833,4859,4875,4886,4887,4893,4899,4900,4944,4948,5002,5003,5004,5005,5006,5007,5008,5009,5010,5011,5012,5013,5014,5015,5016,5017,5018,5019,5020,5021,5022,5023,5024,5025,5026,5027,5028,5029,5030,5031,5032,5033,5034,5035,5036,5037,5038,5039,5040,5041,5495,5499,5692,5817,5891,5971,5984,6060,6138,6329,6580,6581,6607,6682,6683,6694,6695,6698,6699,6700,6723,7220,7330,7333,7337,7385,7388,7396,7477,7489,7490,7518,7523,7666,7758,7804,7834,7836,7842,7897,7900,7969,8039,8043,8054,8136,8166,8237,8238,8240,8241,8247,8264,8320,8402,8519,8528,8533,8535,8671,8674,8675,8676,8702,8703,8705,8706,8710,8778,8788,8791,8792,8793,8879,8880,8883,8885,8887,8888,8920,8950,8951,8952,8953,8956,8957,8959,8980,9058,9060,9062,9133,9160,9193,9212,9221,9222,9225,9226,9272,9329,9373,9390,9393,9394,9396,9397,9398,9423,9424,9426,9427,9428,9467,9646,9649,9650,9651,9652,9656,9657,9757,9907,9958,9991",0xbeae0fd8ccecc76afcc137d89f2b006e8c543c84,62514232,2026-08-07T00:16:08Z
0x001d4b4e80ec2ca3707d75cb417ce9a0e387cff2,250,"72,78,83,87,89,90,91,92,106,110,112,390,872,874,875,876,877,878,879,880,881,883,884,885,886,887,888,889,890,891,892,894,895,896,897,898,899,900,901,3562,3563,3564,3565,3566,3567,3568,3569,3570,3571,3573,3574,3575,3576,3577,3578,3579,3580,3581,3582,3583,3584,3585,3586,3587,3588,3589,3590,3700,3701,3702,3703,3704,3705,3706,3707,3708,3709,3710,3712,3713,3714,3715,3716,3717,3718,3719,3720,3721,3722,3723,3724,3725,3726,3727,3728,3729,3730,3731,3732,3733,3734,3735,3736,3737,3738,3739,3740,3741,3743,3744,3745,3746,3747,3748,3749,3750,3751,3752,3755,3756,3757,3758,3759,3760,3761,3762,3763,3764,3765,3766,3767,3768,3769,3770,3771,3772,3773,3774,3775,3776,3777,3778,3779,3780,3781,3782,3783,3784,3785,3786,3787,3788,3789,3790,3791,3792,3793,3794,3795,3797,3798,3799,3800,3801,3802,3803,3804,3820,3821,3822,3823,3824,3825,3826,3827,3828,3829,3830,3832,3833,3834,3835,3836,3837,3838,3839,3840,3841,3842,3843,3844,3845,3846,3847,3848,3849,6741,6742,6743,6744,6745,6746,6768,6769,6770,6771,6866,6867,6868,6869,6870,6871,6872,6873,6874,6875,8581,8582,8583,8584,8585,8586,8587,8588,8589,8590,8667,8668,8669,8670,8672,8677,8701,8704,8707,8708,8709,8881,8882,8884,8886,8954,8955,8958,9213,9214,9220,9223,9224,9395",0xbeae0fd8ccecc76afcc137d89f2b006e8c543c84,62514232,2026-08-07T00:16:08Z
0x3e79c89f479824bc24b9ead73eb8c55f322fe963,241,"41,58,66,123,128,136,140,174,286,402,403,405,408,409,410,424,431,432,433,434,435,436,437,439,455,528,532,533,659,764,766,767,768,769,770,771,775,787,788,808,924,1010,1027,1037,1045,1105,1125,1205,1232,1251,1310,1313,1334,1392,1397,1602,1877,1878,1887,2015,2062,2078,2359,2444,2463,2467,2530,2554,2642,2752,2754,2831,2882,2948,3200,3202,3208,3209,3210,3212,3255,3314,3325,3339,3400,3404,3445,3489,3490,3497,3518,3519,3520,3554,3558,3596,3644,3813,3868,3870,3915,3981,4064,4086,4091,4264,4488,4493,4520,4523,4525,4682,4683,4684,4685,4686,4687,4688,4689,4711,4723,4725,4726,4728,4730,4731,4732,4785,4843,4878,4879,4880,4881,4883,4884,4885,4888,4889,4890,4891,4894,4895,4896,4897,4898,4901,4908,4909,4925,4927,4928,4929,4930,4931,4932,4933,4934,4935,4937,4941,4942,4943,4945,4947,4949,4950,4961,4964,4965,4966,4967,4968,4970,4971,4972,4973,4994,4996,4997,4998,4999,5000,5066,5148,5230,5271,5272,5313,5339,5412,5503,5531,5534,5816,5846,5908,5993,6166,6340,6347,6398,6487,6598,6740,6969,7130,7166,7217,7219,7391,7452,7497,7547,7553,7699,7970,7972,7973,8041,8081,8167,8244,8292,8325,8350,8432,8474,8863,8866,8976,8983,9071,9183,9219,9377,9503,9671,9676,9891,9993,9997",0xbeae0fd8ccecc76afcc137d89f2b006e8c543c84,62514232,2026-08-07T00:16:08Z
0xc9a4c75c4106939efd9fbb5577cd04bb8a0868c4,165,"42,61,1848,1895,5068,5069,5070,5071,5072,5073,5074,5075,5076,5077,5078,5079,5080,5081,5082,5083,5084,5085,5086,5087,5088,5089,5090,5091,5093,5094,5095,5096,5097,5098,5099,5100,5101,5102,5103,5104,5105,5111,5112,5113,5114,5115,5116,5117,5118,5119,5120,5121,5122,5123,5124,5125,5126,5127,5128,5129,5130,5131,5132,5133,5134,5135,5136,5137,5138,5139,5140,5141,5142,5143,5144,5145,5146,5147,5149,5150,5151,5152,5153,5154,5155,5156,5157,5158,5159,5160,5161,5162,5163,5164,5165,5166,5167,5168,5169,5170,5404,5405,5406,5407,5408,5409,5410,5411,5413,5414,5415,5416,5417,5418,5419,5420,5421,5422,5423,5434,5435,5436,5437,5438,5439,5440,5441,5442,5443,5444,5445,5446,5447,5448,5449,5450,5451,5452,5453,5454,5455,5456,5457,5458,5459,5460,5461,5462,5463,5464,5465,5466,5467,5468,5469,5470,5471,5472,5473,7080,7081,7830,9308,9388,9944",0xbeae0fd8ccecc76afcc137d89f2b006e8c543c84,62514232,2026-08-07T00:16:08Z
0xa8d78a089a826276688c8ea3c4417c74eba68f37,149,"0,2,25,26,35,36,37,38,39,141,155,172,225,331,346,382,404,457,462,512,718,861,932,937,947,1147,1240,1241,1244,1262,1263,1265,1267,1270,1277,1280,1329,1345,1347,1349,1351,1353,1365,1371,1391,1548,1869,1903,2009,2010,2110,2231,2423,2439,2441,2454,2608,2609,2611,2620,2621,2626,2711,2792,2819,2820,2874,3140,3259,3265,3305,3312,3357,3402,3447,3504,3851,4047,4059,4060,4078,4108,4246,4253,4278,4415,4559,4589,4590,4596,4876,4877,5001,5608,5885,5943,6054,6057,6062,6140,6186,6232,6288,6472,6562,6696,6793,6939,7060,7078,7162,7218,7287,7413,7584,7839,7843,8417,8421,8426,8431,8473,8479,8749,8780,8827,8900,9151,9190,9237,9267,9280,9314,9317,9318,9422,9540,9641,9661,9674,9749,9773,9778,9790,9878,9926,9932,9963,9969",0xbeae0fd8ccecc76afcc137d89f2b006e8c543c84,62514232,2026-08-07T00:16:08Z
0x19e3911d3eda0fd53724b6a22571856d91e1d73c,135,"114,173,281,284,343,461,468,469,470,471,475,477,493,508,510,511,514,597,598,1203,1213,2760,3155,3156,3236,3267,3271,3296,3326,3330,3420,3423,3449,3452,3456,5331,5743,5745,5746,5748,5777,5781,5782,5975,5976,5978,5990,5997,6008,6047,6049,6052,6061,6063,6064,6133,6139,6144,6145,6173,6174,6188,6231,6233,6302,6332,6573,6575,6576,6776,6778,6779,6781,6786,6789,6791,6797,6806,6807,6809,6811,6812,6854,6855,6856,6858,6859,6860,6910,6912,6914,6916,6996,6997,7041,7044,7052,7071,7075,7076,7082,7131,7134,7138,7141,7144,7145,7182,7183,7184,7205,7212,7221,7223,7224,7226,7227,7229,7243,7449,7457,7473,7479,7509,7516,7846,7901,8405,8420,8428,8439,8498,8506,9332,9544",0xbeae0fd8ccecc76afcc137d89f2b006e8c543c84,62514232,2026-08-07T00:16:08Z
0x1f81116bd9d3cd5fac015868e36afea102c051d9,133,"1517,1518,1519,1560,1561,1562,1563,1564,1565,1566,1567,1569,1570,1571,1572,1573,1574,1575,1577,1578,1579,1580,1581,1582,1583,1584,1585,1586,1587,1588,1589,1590,1591,1592,1593,1594,1595,1596,1597,1598,1599,1620,1621,1622,1623,1624,1625,1626,1627,1628,1630,1631,1632,1633,1634,1635,1636,1637,1638,1639,1640,1641,1642,1643,1645,1646,1647,1648,1649,1650,1651,1652,1654,1655,1656,1657,1659,1680,1681,1682,1683,1684,1686,1689,1690,1691,1692,1693,1694,1695,1696,1697,1698,1699,1710,1711,1712,1713,1714,1715,1716,1717,1718,1719,1720,1721,1722,1723,1724,1725,1726,1727,1728,1729,1730,1731,1732,1733,1734,1735,1736,1737,1738,1739,1740,1741,1742,1743,1744,1745,1746,1747,1749",0xbeae0fd8ccecc76afcc137d89f2b006e8c543c84,62514232,2026-08-07T00:16:08Z
0xa6d2bb016b1f4ed5698dbe035af9b9499702c653,118,"1973,1974,1975,2024,2031,2033,2034,2036,2039,2040,2041,2043,2095,2102,2681,2682,2683,2684,2686,2687,2748,2749,2765,2766,2767,2768,2769,2770,2772,2773,2774,2775,2786,2788,2803,2804,2806,2811,2817,2886,2887,2888,2889,2890,2891,2892,2893,2894,3018,3019,3020,3021,3022,3023,3024,3025,3026,3027,3028,3029,3030,3031,3032,3033,3035,3037,3044,3051,3052,3053,3055,3059,3060,3062,3064,3069,3070,3072,3081,3114,3115,3116,3117,3118,3119,3120,3121,3122,3123,3124,3125,3126,3127,3128,3129,3479,3521,3522,3523,3524,3525,3526,3528,3529,3530,3601,3602,3603,3604,3605,3645,3646,3647,3648,3649,5818,6466,6796",0xbeae0fd8ccecc76afcc137d89f2b006e8c543c84,62514232,2026-08-07T00:16:08Z
0x3506e5f79754e8aad83152b8e6189b6c5508aad4,112,"1047,1048,1049,1050,1052,1053,1054,1055,1056,1057,1058,1059,1060,8923,8924,8925,8926,8927,8928,8929,8931,8932,8933,8934,8935,8936,8937,8938,8939,8940,8941,9024,9025,9027,9152,9153,9154,9155,9164,9165,9166,9167,9168,9169,9170,9171,9402,9403,9404,9405,9406,9407,9408,9409,9410,9411,9412,9413,9414,9415,9416,9417,9418,9419,9420,9421,9570,9571,9572,9573,9574,9575,9576,9577,9578,9579,9580,9581,9582,9583,9584,9585,9586,9587,9588,9589,9704,9705,9706,9707,9708,9709,9710,9711,9712,9713,9714,9715,9716,9717,9719,9720,9721,9722,9767,9768,9769,9770,9772,9776,9922,9934",0xbeae0fd8ccecc76afcc137d89f2b006e8c543c84,62514232,2026-08-07T00:16:08Z
0xb0f96ac801097250d16d72ba4f629d9972f43875,103,"2218,2225,2226,2229,2277,2279,2281,2460,2470,2475,2476,2477,2478,2480,2482,2483,2484,2485,2486,2487,2490,2491,2495,2496,2497,2498,2504,2605,2617,2619,2624,2638,2639,2641,2793,2794,2799,2808,2812,2814,2816,2822,2823,2824,2825,2826,2827,2828,2829,2836,2843,2852,2857,2859,2861,2863,2866,2867,3038,3039,3041,3043,3049,3057,3061,3066,3067,3073,3074,3075,3077,3082,3083,3084,3085,3086,3087,3088,3089,3090,3091,3092,3093,3094,3095,3096,3097,3098,3099,3100,3101,3102,3103,3104,3105,3106,3107,3108,3109,3110,3111,3112,3113",0xbeae0fd8ccecc76afcc137d89f2b006e8c543c84,62514232,2026-08-07T00:16:08Z
0x0edc2c64d952e75241590ac5fb10077395f93df6,103,"535,537,538,539,540,541,542,543,544,545,546,547,548,549,550,551,552,553,554,555,556,557,558,559,560,561,562,563,564,565,566,567,568,569,570,571,572,573,574,575,576,579,580,581,582,583,584,585,586,587,588,589,590,591,592,593,594,595,596,602,603,604,605,606,607,608,609,610,611,612,613,614,615,616,617,618,619,620,621,623,624,625,626,627,628,629,630,631,632,633,634,635,636,637,638,639,640,641,642,643,644,645,646",0xbeae0fd8ccecc76afcc137d89f2b006e8c543c84,62514232,2026-08-07T00:16:08Z
0xffff35b69adef9e22877d381079f75ca936e1ba5,97,"6337,6338,6339,6341,6342,6343,6344,6345,6346,6348,6350,6351,6353,6355,6396,6397,6399,6402,6403,6405,6406,6407,6409,6410,6411,6412,6413,6414,6415,6417,6418,6419,6421,6422,6423,6424,6425,6426,6427,6428,6429,6430,6431,6433,6434,6435,6456,6457,6460,6461,6462,6463,6464,6465,6467,6468,6469,6470,6471,6473,6474,6475,6476,6477,6478,6479,6480,6481,6482,6483,6484,6485,6486,6488,6489,6492,6493,6494,6495,6953,6954,6955,6956,6957,6958,6959,6960,6961,6962,6963,6964,6965,6967,6968,6970,6971,6972",0xbeae0fd8ccecc76afcc137d89f2b006e8c543c84,62514232,2026-08-07T00:16:08Z
0xfdf3494b9bc6d8389473fd18b6b02289f4a14d41,97,"4459,4460,4461,4462,4464,4465,4466,4467,4468,4469,4470,4471,4472,4473,4474,4475,4476,4477,4478,4494,4495,4496,4497,4498,4499,4500,4501,4503,4504,4505,4506,4507,4508,4509,4510,4511,4512,4513,5750,5751,5752,5753,5754,5755,5756,5757,5758,5759,5760,5761,5762,5763,5764,5765,5766,5767,5768,5769,8211,8212,8213,8214,8215,8216,8217,8218,8219,8220,8221,8222,8223,8224,8225,8226,8227,8228,8229,8230,8327,8328,8329,8330,8331,8332,8333,8334,8335,8336,8337,8338,8339,8340,8341,8343,8344,8345,8346",0xbeae0fd8ccecc76afcc137d89f2b006e8c543c84,62514232,2026-08-07T00:16:08Z
0x16303b0e18997975793b531069aed866b4a9920e,91,"148,151,153,164,165,177,178,323,361,364,465,501,680,761,762,774,776,777,778,779,780,781,931,963,964,965,966,967,983,984,985,986,987,994,1051,1120,1279,1283,1546,1547,1886,1898,1944,1947,2028,2030,2502,2509,2510,3995,4284,4529,4534,4565,4954,5524,5742,5973,5979,6003,6286,6940,7073,7079,7154,7401,7555,7831,7837,7840,7847,7849,7905,8407,8408,8411,8413,8422,8425,8433,8472,8507,8697,8752,9194,9268,9548,9552,9553,9554,9894",0xbeae0fd8ccecc76afcc137d89f2b006e8c543c84,62514232,2026-08-07T00:16:08Z
0xa28675e6c044a3c2ef4f57d3602f61000727ca7b,90,"5171,5175,5184,5186,5187,5213,5221,5226,5228,5229,5231,5232,5233,5235,5236,5237,5238,5239,5240,5241,5242,5243,5244,5245,5246,5247,5248,5249,5250,5544,5545,5546,5547,5548,5549,5550,5551,5552,5553,5554,5555,5556,5557,5558,5559,5560,5561,5562,5563,5564,5565,5566,5567,5568,5569,5570,5571,5572,5574,5575,5576,5578,5579,5580,5581,5582,5583,5614,5615,5616,5617,5618,5619,5620,5621,5622,5623,5624,5625,5626,5627,5628,5629,5630,5631,5633,7049,7848,7903,9937",0xbeae0fd8ccecc76afcc137d89f2b006e8c543c84,62514232,2026-08-07T00:16:08Z
0x8902f0441efa2cff664626c4f31eecc3b2953725,81,"2112,2114,2117,2120,2121,2123,2133,2135,2142,2146,2149,2161,2162,2164,2169,2178,2179,2180,2182,2183,2187,2190,2196,2199,2200,2201,2205,2206,2207,2208,2209,2210,2235,2236,2237,2238,2239,2240,2241,2242,2244,2245,2246,2247,2248,2249,2250,2251,2252,2253,2254,2255,2256,2258,2259,2260,2261,2262,2263,2264,2266,2267,2268,2318,2319,2320,2327,2336,2527,2532,2533,2536,2539,2540,5934,6014,7844,8750,8985,9457,9906",0xbeae0fd8ccecc76afcc137d89f2b006e8c543c84,62514232,2026-08-07T00:16:08Z
0xc1d1c1378f958531b69efb67e9e717fad53c4b9a,76,"505,526,715,940,960,961,1122,1152,1153,1154,1155,1156,1157,1158,1159,1160,1161,1162,1163,1164,1165,1166,1167,1168,1169,1170,1171,1172,1173,1174,1175,1176,1177,1178,1179,1180,1181,1182,1183,1184,1185,1186,1187,1188,1189,1190,1191,1192,1193,1194,1195,1196,1197,1198,1199,1200,1201,1901,1981,2166,2337,2535,2801,3279,3284,3323,3327,3352,3367,3377,3388,3391,7225,8524,9903,9919",0xbeae0fd8ccecc76afcc137d89f2b006e8c543c84,62514232,2026-08-07T00:16:08Z
0x99273185566339c6b8104c5a8708a39f3426c90c,73,"7554,7556,7557,7559,7560,7561,7563,7564,7566,7697,7698,7700,7701,7702,7703,7704,7705,7706,7708,7709,7710,7744,7745,7747,7748,7749,7750,7751,7752,7753,7755,7757,7974,7975,7976,7977,7978,7979,7980,7981,7983,7984,7986,7987,7988,8019,8020,8021,8022,8023,8024,8025,8026,8027,8028,8031,8032,8034,8035,8037,8038,8149,8150,8151,8153,8155,8156,8157,8158,8160,8162,8163,8165",0xbeae0fd8ccecc76afcc137d89f2b006e8c543c84,62514232,2026-08-07T00:16:08Z
0x176514656fcf0f9dd634422231b4b2927b249cb6,72,"7290,7291,7292,7293,7294,7295,7296,7297,7299,7303,7304,7305,7306,7307,7309,7321,7322,7323,7324,7325,7326,7327,7328,7342,7365,7376,7379,7460,7461,7462,7644,7645,7646,7650,7651,7790,7791,7792,7793,8199,8200,8201,8202,8381,8382,8383,8384,8385,8386,8387,8388,8389,8390,8435,8436,8437,8441,8442,8443,8446,8447,8448,8505,8508,8512,8520,8521,8530,8531,8532,8534,8536",0xbeae0fd8ccecc76afcc137d89f2b006e8c543c84,62514232,2026-08-07T00:16:08Z
0xedc6d105a69727094aacbfe0ccf2357b94aeda58,70,"124,127,139,242,261,669,697,868,1291,1437,1514,1826,1828,1838,1850,2077,2860,2883,3050,3896,3959,3984,4252,4327,5344,5956,5958,6024,6025,6310,6311,6585,6590,6591,6684,7577,7623,7624,7630,7636,8089,8094,8095,8097,8126,8130,8132,8137,8138,8263,8266,8271,8293,8975,8995,9131,9138,9259,9261,9330,9337,9489,9542,9729,9900,9904,9905,9970,9972,9973",0xbeae0fd8ccecc76afcc137d89f2b006e8c543c84,62514232,2026-08-07T00:16:08Z
0x86ccf06c9e9d04584400f47f0082767c18079034,69,"260,417,418,419,420,421,422,423,425,426,427,488,489,490,491,492,530,698,717,1264,1308,1436,1445,1507,2051,2150,2877,3297,3387,3415,3422,3809,3895,3980,4045,4095,4527,4561,4571,4577,4606,4854,5178,5806,6007,6285,6597,6947,7111,7127,7132,7159,7173,7408,7409,7641,8477,8480,8673,8824,8974,8989,9028,9264,9723,9724,9725,9876,9918",0xbeae0fd8ccecc76afcc137d89f2b006e8c543c84,62514232,2026-08-07T00:16:08Z
0xdda314ed13b8a33e891bfed27c8634b8f1375ed9,63,"3172,3173,4136,4137,4138,4139,4140,4141,4142,4143,4144,4145,4146,4147,4148,4149,4150,4151,4152,4153,4154,4155,4439,4440,4441,4442,4443,4444,4445,4446,4447,4448,4449,4450,4451,4452,4453,4454,4455,4456,4457,4458,8686,8687,8688,8689,8690,8691,8692,8693,8694,8695,8836,8837,8838,8839,8840,9029,9030,9031,9032,9033,9512",0xbeae0fd8ccecc76afcc137d89f2b006e8c543c84,62514232,2026-08-07T00:16:08Z
0x4b4735baab40a2c897f671d0ec8f6f90c542cfbc,59,"180,918,1006,1013,1017,1021,1511,1512,1540,1541,1542,1543,1544,1545,1871,1931,2519,2520,2522,2523,2541,2542,2543,2544,2545,2576,2577,3430,3431,3432,3433,3434,3436,6814,6815,6816,6817,6818,6819,6820,6821,6822,6843,6876,6877,6878,6879,6880,6881,6883,7171,7244,7245,7247,7248,7249,8400,8403,8404",0xbeae0fd8ccecc76afcc137d89f2b006e8c543c84,62514232,2026-08-07T00:16:08Z
0xabe465c13ebd03911087bb32a32cc75499d8103c,56,"521,786,791,795,796,797,799,800,801,802,803,804,805,806,807,809,810,811,812,813,814,815,816,817,818,819,820,821,822,823,824,825,826,827,828,829,830,831,832,833,834,835,836,837,838,839,840,841,842,1114,1115,1116,1117,1118,4279,9643",0xbeae0fd8ccecc76afcc137d89f2b006e8c543c84,62514232,2026-08-07T00:16:08Z
0xa5d9fe377b6c821e08360526bf3879c859cbb52c,56,"1568,1576,1644,1653,1658,1685,1748,2924,2938,2967,3537,3543,3609,3614,3619,4156,4178,4207,4379,4389,4653,4668,4680,4713,4747,4757,4830,4992,5298,5299,5308,5312,6036,6241,6297,6923,6926,6935,7014,7097,7191,7360,7417,7677,7732,7779,8553,8618,8713,9092,9344,9621,9799,9804,9838,9909",0xbeae0fd8ccecc76afcc137d89f2b006e8c543c84,62514232,2026-08-07T00:16:08Z
0xdf19384d2025e686a0c5c935fae0781594dac64a,54,"2067,3137,4463,4502,4588,5172,5173,5179,5181,5182,5183,5189,5190,5214,5215,5219,5220,5225,5632,6137,7066,7070,7298,7308,7332,7364,7378,7380,7467,7486,7649,7794,7795,7796,7797,7798,7799,8193,8194,8195,8196,8197,8198,8342,8445,8501,9149,9374,9375,9787,9920,9925,9929,9964",0xbeae0fd8ccecc76afcc137d89f2b006e8c543c84,62514232,2026-08-07T00:16:08Z
0xe6a7491d8e1b340418d18867376c946706b01c55,52,"192,216,529,675,681,752,1032,1218,1289,1346,1441,1873,1925,2066,2074,2282,2386,2424,2455,2802,2815,3183,3216,3233,3469,4011,4280,4368,4480,4922,5527,5650,5930,5951,6168,6420,6586,7450,7505,7902,7904,8171,8187,8256,8267,8323,9034,9097,9100,9104,9454,9952",0xbeae0fd8ccecc76afcc137d89f2b006e8c543c84,62514232,2026-08-07T00:16:08Z
0xaee33d473c68f9b4946020d79021416ff0587005,50,"3650,3651,3652,3653,3654,3655,3656,3657,3658,3659,3660,3661,3662,3663,3664,3665,3666,3667,3668,3669,3670,3671,3672,3673,3674,3675,3676,3677,3678,3679,3680,3681,3682,3683,3684,3685,3686,3687,3688,3689,3690,3691,3692,3693,3694,3695,3696,3697,3698,3699",0xbeae0fd8ccecc76afcc137d89f2b006e8c543c84,62514232,2026-08-07T00:16:08Z
0xd61eaeefc180e6b4d744cb18a8a123e668ccae6b,43,"74,138,145,349,350,380,451,452,503,506,721,727,923,988,1022,1023,1315,1316,1908,1915,1927,1928,1930,1933,2224,2880,3193,3219,3414,3417,3421,3442,3819,3857,3987,4573,4811,7411,7447,7448,8821,9003,9007",0xbeae0fd8ccecc76afcc137d89f2b006e8c543c84,62514232,2026-08-07T00:16:08Z
0x34fc73a300ccee395ed3906b7d3dd1b89a2099df,43,"133,134,135,391,393,394,395,397,1014,1016,1018,1019,1020,1062,1063,1064,1065,1066,1067,1068,1069,1070,1072,1073,1074,1075,1076,1077,1078,1079,1080,1088,1089,1090,1091,1092,1093,1094,1095,1096,1097,1098,1099",0xbeae0fd8ccecc76afcc137d89f2b006e8c543c84,62514232,2026-08-07T00:16:08Z
0xa71b7c868de1f1898559dae13ee71bef1ea43962,42,"8258,8295,9666,9667,9669,9675,9679,9681,9682,9683,9845,9846,9847,9848,9849,9850,9854,9855,9856,9857,9858,9859,9860,9862,9863,9980,9981,9982,9983,9984,9985,9986,9987,9988,9989,9990,9992,9994,9995,9996,9998,9999",0xbeae0fd8ccecc76afcc137d89f2b006e8c543c84,62514232,2026-08-07T00:16:08Z
0xb7d93a5453ba02f2f806d6cf3e53112e456cd569,41,"4579,5811,5851,5854,5869,5870,5871,5872,5873,5875,5877,5878,5881,5882,5889,5890,5896,5897,5898,5900,5901,5904,5906,5907,5909,5912,5917,5918,5919,5920,5921,5923,5924,5925,6864,6865,6946,8427,8514,9301,9303",0xbeae0fd8ccecc76afcc137d89f2b006e8c543c84,62514232,2026-08-07T00:16:08Z
0x679c04a7d5e9834427fdccde82c41c36363710f3,40,"7909,7910,7911,7912,7913,7914,7915,7916,7917,7918,7919,7920,7921,7922,7923,7924,7925,7926,7927,7928,7929,7930,7931,7932,7933,7934,7935,7936,7937,7938,7939,7940,7941,7942,7943,7944,7945,7946,7947,7948",0xbeae0fd8ccecc76afcc137d89f2b006e8c543c84,62514232,2026-08-07T00:16:08Z
0x5e37844422b24c748491a39295ac8b1c13bdf21d,40,"3974,3976,4003,4004,4008,4010,4012,4015,4018,4019,4021,4032,4035,4037,4055,4056,4057,4061,4073,4074,4075,4093,4094,4112,4218,4231,4234,4235,4236,4237,4239,4240,4245,4259,4260,4261,4485,4492,4872,4874",0xbeae0fd8ccecc76afcc137d89f2b006e8c543c84,62514232,2026-08-07T00:16:08Z
0x060f6529e7da2d0d95bd5626b0084069659fad07,37,"33,48,49,51,94,120,166,167,389,658,783,870,911,938,942,969,982,1031,1983,2469,2472,2663,3274,3321,3355,3375,3407,3444,3917,3970,4088,4255,4558,6030,8684,8991,9899",0xbeae0fd8ccecc76afcc137d89f2b006e8c543c84,62514232,2026-08-07T00:16:08Z
0xd049f619786e81b49698a2846f30e7d90ccb7954,34,"3,4,146,150,152,154,156,157,158,159,161,162,230,231,232,233,251,254,255,256,357,1894,1939,2356,2449,4268,4907,5328,8260,8265,8844,9379,9382,9400",0xbeae0fd8ccecc76afcc137d89f2b006e8c543c84,62514232,2026-08-07T00:16:08Z
0xbcd350180d4cd1c57778b6108f20d39370d637ca,33,"68,1145,2283,2898,3132,3133,3138,3304,3410,3413,3425,3426,3439,3455,3815,3817,3818,4058,4230,4238,4803,4845,4848,4902,5744,6777,7446,8973,9186,9189,9775,9895,9936",0xbeae0fd8ccecc76afcc137d89f2b006e8c543c84,62514232,2026-08-07T00:16:08Z
0xbc8c677153f10643ada3dd8578aee301bbe2d032,33,"6,10,11,14,15,17,18,19,20,23,24,287,288,290,291,292,293,295,296,297,299,302,303,305,306,308,309,310,311,313,314,315,1819",0xbeae0fd8ccecc76afcc137d89f2b006e8c543c84,62514232,2026-08-07T00:16:08Z
0x4e25e7938626e7c9b01732c1e627f0836262a4f8,33,"326,336,480,765,929,1874,2003,2004,2005,2006,4265,4266,4267,4269,4271,4273,4274,4275,4276,4836,4911,4914,4915,4916,4918,4919,5644,5646,5648,5926,5963,6558,7250",0xbeae0fd8ccecc76afcc137d89f2b006e8c543c84,62514232,2026-08-07T00:16:08Z
0x4968265806cd1cf2dda169e56b2c7d1e8af9d8ee,32,"1940,1941,1943,1953,1954,1955,1956,1957,1958,1959,1960,1961,1962,1963,1964,1965,1966,1967,1968,1969,1971,1978,1979,1980,1982,1984,1985,1998,1999,2000,2001,2002",0xbeae0fd8ccecc76afcc137d89f2b006e8c543c84,62514232,2026-08-07T00:16:08Z
0x8368b3c031510ca82f6df348e87072a15a17013f,30,"3923,3924,3926,3927,3928,3930,3931,3932,3933,3994,3998,4051,4090,4092,4114,4247,4272,4288,4483,4518,4560,4768,4783,4784,4793,4834,4837,4868,4920,5352",0xbeae0fd8ccecc76afcc137d89f2b006e8c543c84,62514232,2026-08-07T00:16:08Z
0x44e4b80e4cdeb4d641168580c284859fcfb84f16,28,"372,1935,2341,2342,2343,2350,2354,2355,2363,2433,2505,2708,3184,3443,4233,4926,5218,6142,6542,7072,7520,8515,8564,8681,8699,9059,9299,9300",0xbeae0fd8ccecc76afcc137d89f2b006e8c543c84,62514232,2026-08-07T00:16:08Z
0x21d7635c63072f8ee91858405b3f381e49e1cd11,28,"53,486,525,1348,1872,1876,3017,3153,3328,3852,3858,3861,3876,3985,3999,4285,4772,5940,5942,5947,7618,7621,7626,7631,7632,7637,8091,9663",0xbeae0fd8ccecc76afcc137d89f2b006e8c543c84,62514232,2026-08-07T00:16:08Z
0x7546af61f9bdcfbc1664d6011bdf2b17cc4491ce,27,"5535,5539,5540,5541,5542,5543,8758,8759,8760,8761,8762,8763,8764,8765,8766,8767,8785,8786,8787,8790,9055,9056,9057,9265,9269,9270,9271",0xbeae0fd8ccecc76afcc137d89f2b006e8c543c84,62514232,2026-08-07T00:16:08Z
0x535fbdca6b64121e393ca0f90037c209269380bd,26,"6907,7038,7039,7040,7042,7043,7045,7046,7047,7048,7511,7512,7513,7515,7517,7519,9513,9514,9515,9516,9517,9518,9519,9520,9521,9522",0xbeae0fd8ccecc76afcc137d89f2b006e8c543c84,62514232,2026-08-07T00:16:08Z
0x207749da88e5895459f88b7ba472c1b68ede19e4,25,"2167,2168,2170,2171,2172,2173,2174,2175,2176,2177,2181,2184,2185,2186,2188,2189,2191,2192,2193,2194,2195,2197,2525,2528,4924",0xbeae0fd8ccecc76afcc137d89f2b006e8c543c84,62514232,2026-08-07T00:16:08Z
0xc6e184846c8757516c9304e690eaf89a3287f45b,24,"2049,2464,3068,3336,3446,4418,5216,5217,5749,5783,5914,6595,6600,6602,6693,6704,6861,7125,8254,8567,9046,9052,9053,9928",0xbeae0fd8ccecc76afcc137d89f2b006e8c543c84,62514232,2026-08-07T00:16:08Z
0xaeeeefb25ee0f9048fc177a6440fd7f4e1740b93,24,"263,282,285,328,473,483,498,509,599,1004,1936,1938,2875,3141,3143,3149,3290,3299,3301,3856,3864,3869,6564,8255",0xbeae0fd8ccecc76afcc137d89f2b006e8c543c84,62514232,2026-08-07T00:16:08Z
0x4d7599644ba181f8c8d9f1a441b89707654e5cc3,24,"368,464,2103,2561,3448,3913,4563,5338,5935,6248,6323,6570,6572,7343,7491,7493,7504,7506,7657,7658,7661,8112,9978,9979",0xbeae0fd8ccecc76afcc137d89f2b006e8c543c84,62514232,2026-08-07T00:16:08Z
0x363e0e7496274758eb97559c1b1551ff3f7fdfa4,24,"8800,8801,8802,8803,8804,8805,8809,8861,8862,8864,8865,8867,8868,9785,9788,9789,9791,9794,9888,9889,9890,9892,9893,9897",0xbeae0fd8ccecc76afcc137d89f2b006e8c543c84,62514232,2026-08-07T00:16:08Z
0xe44ab4f93c6ec942d230a62ab272d55e9dd53633,23,"6686,6687,6688,6691,6692,6701,6707,6711,6713,6714,6716,6717,6719,6721,6722,6725,6726,6795,6798,6799,6800,6801,6802",0xbeae0fd8ccecc76afcc137d89f2b006e8c543c84,62514232,2026-08-07T00:16:08Z
0xab76b51aecd66bd49c6825840bba41413a6cb09d,23,"5042,5043,5044,5045,5046,5106,5107,5108,5109,5333,5334,5335,5336,5337,7155,8044,9054,9122,9240,9291,9339,9479,9485",0xbeae0fd8ccecc76afcc137d89f2b006e8c543c84,62514232,2026-08-07T00:16:08Z
0x4f3bcb76a336e92220d81d9f0487158ed403709e,23,"1870,1906,1920,1937,2016,2020,2022,2045,2465,2529,2833,2851,2856,3047,3148,3199,3206,3224,3227,3231,3270,3418,3464",0xbeae0fd8ccecc76afcc137d89f2b006e8c543c84,62514232,2026-08-07T00:16:08Z
0x3a359062d6b68aefd99218cebddd2fb932399efd,23,"97,191,226,428,913,925,934,951,957,959,1086,1151,1430,3860,4491,5538,5866,7284,9145,9262,9266,9498,9560",0xbeae0fd8ccecc76afcc137d89f2b006e8c543c84,62514232,2026-08-07T00:16:08Z
0x1de70e8fbbfb0ca0c75234c499b5db74bae0d66b,23,"3161,3164,3167,3168,3169,3170,3171,3177,3178,3181,3185,3186,3187,3188,3189,3191,3192,3244,3245,3246,3248,3250,3253",0xbeae0fd8ccecc76afcc137d89f2b006e8c543c84,62514232,2026-08-07T00:16:08Z
0xcf40543aeb62ccdc84f3f05ea0ef44728b003491,22,"707,1271,1274,1303,1311,1854,1913,2276,3130,3134,3135,3136,3139,3254,3256,3262,3263,4286,4903,7514,9797,9957",0xbeae0fd8ccecc76afcc137d89f2b006e8c543c84,62514232,2026-08-07T00:16:08Z
0x4de5e859c1004f8e6ac00b2decb4b5124ee86afd,22,"276,952,2037,2372,2373,2862,3307,4569,4789,4912,5805,5853,5855,6565,6596,6720,6790,8308,8808,9246,9492,9565",0xbeae0fd8ccecc76afcc137d89f2b006e8c543c84,62514232,2026-08-07T00:16:08Z
0x170177bc99f051cd70355ce2b29ef26499faebfa,22,"160,182,187,201,270,273,279,324,351,485,794,1269,1300,1304,1312,1509,1605,1863,1866,1867,6794,8753",0xbeae0fd8ccecc76afcc137d89f2b006e8c543c84,62514232,2026-08-07T00:16:08Z
0x711b40fbfa20545739b43d57d51623585493eb59,21,"98,129,339,355,684,686,904,1438,1603,1911,2657,3283,3298,3311,3865,5320,5860,8188,8243,9130,9258",0xbeae0fd8ccecc76afcc137d89f2b006e8c543c84,62514232,2026-08-07T00:16:08Z
0x5dc4e2bf175438b4d817c69d00e7575231aa5f32,21,"443,1044,1323,1516,2145,2481,2489,2858,2865,8299,8947,8987,9067,9095,9103,9281,9282,9284,9293,9370,9389",0xbeae0fd8ccecc76afcc137d89f2b006e8c543c84,62514232,2026-08-07T00:16:08Z
0x3a5ff107f4a0159c29bb1397951f3a9268414d37,21,"132,202,688,690,1904,2345,2347,2349,2351,2352,2357,2374,2560,3211,3386,4081,5314,6491,7660,8500,9543",0xbeae0fd8ccecc76afcc137d89f2b006e8c543c84,62514232,2026-08-07T00:16:08Z
0x2ba8c47b1e55379c3b7107562af2d661ff809093,21,"5356,5932,5938,5955,6554,6943,6949,7167,7580,7586,7835,8409,8743,8744,8748,9172,9658,9756,9885,9935,9959",0xbeae0fd8ccecc76afcc137d89f2b006e8c543c84,62514232,2026-08-07T00:16:08Z
0xf6480d6b0eb4d1273e900df2a2bfe2e0ec4a6538,20,"2069,2070,2071,2072,2073,2079,2080,2081,2082,2084,2085,2086,2087,2088,2089,2090,2091,2092,2093,2494",0xbeae0fd8ccecc76afcc137d89f2b006e8c543c84,62514232,2026-08-07T00:16:08Z
0xe7c171ada5555c98df9251fd6b3e1bd516e38b00,20,"31,735,789,845,846,847,848,849,850,851,852,853,854,2474,3438,3810,5110,9385,9469,9941",0xbeae0fd8ccecc76afcc137d89f2b006e8c543c84,62514232,2026-08-07T00:16:08Z
0x3e25968f00ce39f13c286abca14744f578ddc60c,20,"1380,1381,1382,1383,1384,1385,1386,1387,1388,1389,2104,2105,2106,2107,2108,2109,2212,2214,2215,2293",0xbeae0fd8ccecc76afcc137d89f2b006e8c543c84,62514232,2026-08-07T00:16:08Z
0x289aa48798649b398150a2c5e92cece34fa75daf,20,"9758,9762,9763,9766,9779,9780,9781,9782,9783,9784,9806,9807,9808,9809,9810,9811,9812,9813,9814,9815",0xbeae0fd8ccecc76afcc137d89f2b006e8c543c84,62514232,2026-08-07T00:16:08Z
0xf1b83482bf6c07615168a474450fa626f9d568df,19,"371,388,664,2044,2662,3036,3217,5496,5808,5883,6703,7053,7122,7148,7550,7629,8125,9019,9021",0xbeae0fd8ccecc76afcc137d89f2b006e8c543c84,62514232,2026-08-07T00:16:08Z
0x065c84641ee62d032ea5f20c49d59817c87a2747,18,"2298,2299,2300,2301,2303,2304,2305,2306,2307,2308,2309,2310,2312,2313,2314,2315,2316,2317",0xbeae0fd8ccecc76afcc137d89f2b006e8c543c84,62514232,2026-08-07T00:16:08Z
0xdacdbf62a3c80b4aabb1f2aa0a5725b488888888,16,"1225,1226,1227,1228,1230,1231,2294,2295,2296,2297,2302,2358,2360,3294,3753,9381",0xbeae0fd8ccecc76afcc137d89f2b006e8c543c84,62514232,2026-08-07T00:16:08Z
0xbe9064c409224d858f5fb12a5d3e8e417d9e28b7,16,"206,207,208,209,210,211,212,213,214,215,217,218,219,220,221,222",0xbeae0fd8ccecc76afcc137d89f2b006e8c543c84,62514232,2026-08-07T00:16:08Z
0x92bc60bb712444aeacb635cdae28d741a6f51733,16,"5,224,689,1458,2083,3063,4413,5876,5880,5884,5894,6574,7124,7399,7565,8280",0xbeae0fd8ccecc76afcc137d89f2b006e8c543c84,62514232,2026-08-07T00:16:08Z
0xe44b34945a41552838c0b199db3d9570153f4f3c,15,"267,268,936,4046,4050,4068,4232,4489,6143,6169,6170,6172,7175,8746,8997",0xbeae0fd8ccecc76afcc137d89f2b006e8c543c84,62514232,2026-08-07T00:16:08Z
0xcf471d457e6363b356f2348aef11668307c97da6,15,"933,2052,2075,2076,2473,3080,3240,3553,3897,3989,4248,4556,4578,6289,7083",0xbeae0fd8ccecc76afcc137d89f2b006e8c543c84,62514232,2026-08-07T00:16:08Z
0x52663e4c42031a7f8c1b94ec054d4bd4ba1a8732,15,"171,454,1418,1420,4096,4404,4407,4412,4416,4436,4712,4758,5780,5991,6787",0xbeae0fd8ccecc76afcc137d89f2b006e8c543c84,62514232,2026-08-07T00:16:08Z
0x4d990f5aead21e468296b0a1af5f128366b1555c,15,"44,47,54,122,277,327,329,330,600,601,703,3462,5968,6046,7625",0xbeae0fd8ccecc76afcc137d89f2b006e8c543c84,62514232,2026-08-07T00:16:08Z
0x36f394bbff9eefae1640c285dd22da3e01609d2a,15,"732,1331,1332,1333,1335,1336,1338,1339,1340,1341,1342,1344,5977,6945,8416",0xbeae0fd8ccecc76afcc137d89f2b006e8c543c84,62514232,2026-08-07T00:16:08Z
0x251612075db39256e11f2ce8fd5e91837ec41cd3,15,"6270,6271,6272,6273,6274,6275,6276,6277,6278,6279,6280,6281,6282,6283,6284",0xbeae0fd8ccecc76afcc137d89f2b006e8c543c84,62514232,2026-08-07T00:16:08Z
0xc8e52b3b318312518bcfc1e15acd89eb2934edc4,14,"2575,2838,3165,3179,3334,4410,4433,4957,5643,6326,8324,8828,8944,9191",0xbeae0fd8ccecc76afcc137d89f2b006e8c543c84,62514232,2026-08-07T00:16:08Z
0x7e3c5dcbb4a586deca370f07bfe7e7efafd4127f,14,"32,416,859,860,1914,1918,1923,1929,1934,2007,4062,4301,6950,8527",0xbeae0fd8ccecc76afcc137d89f2b006e8c543c84,62514232,2026-08-07T00:16:08Z
0x66226cde4eed6fccd7442fd517b334afb2f14db9,14,"3360,3361,3362,3363,3466,3467,3711,3742,3850,4282,5498,6606,6641,7289",0xbeae0fd8ccecc76afcc137d89f2b006e8c543c84,62514232,2026-08-07T00:16:08Z
0x0411fc74e51e5aa60f0eaa1e35978a77dfc0dd0f,14,"147,1986,1987,1988,1989,1990,1991,1993,1994,1995,1996,2008,2011,2019",0xbeae0fd8ccecc76afcc137d89f2b006e8c543c84,62514232,2026-08-07T00:16:08Z
0xb72362b75e3f2cf3b78bee9430abc863f47363a8,13,"429,1223,2035,2501,3863,3975,6028,7558,7581,8998,9257,9497,9563",0xbeae0fd8ccecc76afcc137d89f2b006e8c543c84,62514232,2026-08-07T00:16:08Z
0x1d92ff47fa5cffc697cbbd69e4f62c731a76c585,13,"1467,1468,3885,3886,3887,3888,3889,3890,3891,3892,3893,3894,3916",0xbeae0fd8ccecc76afcc137d89f2b006e8c543c84,62514232,2026-08-07T00:16:08Z
0xb54c47a6e3a1c2b1fcfe5f2cc7067a2cdd60f576,12,"683,1249,2064,2653,4595,6408,6416,8173,8234,8412,9129,9647",0xbeae0fd8ccecc76afcc137d89f2b006e8c543c84,62514232,2026-08-07T00:16:08Z
0x9ddc9a7a8b4b2856a533b5e9bf544682a39f19a8,12,"502,1224,1238,1242,1879,1880,1881,1882,1885,4956,6566,7285",0xbeae0fd8ccecc76afcc137d89f2b006e8c543c84,62514232,2026-08-07T00:16:08Z
0x4ab8d0b24ef491be06dc640e03d0c52a49d17254,12,"116,2546,2547,2548,2549,2551,2552,2750,2751,2753,4862,8502",0xbeae0fd8ccecc76afcc137d89f2b006e8c543c84,62514232,2026-08-07T00:16:08Z
0x258d4c329b6dab96e9f01b89ab203d5d5108ce2b,12,"843,863,871,1112,1113,1124,1126,1132,1135,1207,1216,8476",0xbeae0fd8ccecc76afcc137d89f2b006e8c543c84,62514232,2026-08-07T00:16:08Z
0xfbd189540e7f80dde7f6eecabd2d0891424b6d40,11,"1293,1317,2903,3379,3406,4020,7140,7395,7541,8129,8303",0xbeae0fd8ccecc76afcc137d89f2b006e8c543c84,62514232,2026-08-07T00:16:08Z
0xe70a6265f5c3a23c7ba9a51a9f4bd037641bf2da,11,"392,790,792,997,1275,1305,3480,7067,8154,8523,9464",0xbeae0fd8ccecc76afcc137d89f2b006e8c543c84,62514232,2026-08-07T00:16:08Z
0x37a10a10bc98505c65ad2419b95405a004a9680d,11,"2694,2695,2701,2705,2722,2744,2747,9073,9074,9075,9084",0xbeae0fd8ccecc76afcc137d89f2b006e8c543c84,62514232,2026-08-07T00:16:08Z
0x368a923dcb3550513710563fc80bb45a6cdbff2e,11,"2286,2516,2517,3332,3428,3552,3805,3901,3996,4490,4810",0xbeae0fd8ccecc76afcc137d89f2b006e8c543c84,62514232,2026-08-07T00:16:08Z
0xff4941dac4872c0916d3caf7d411d21a1cfb9d99,10,"8768,8769,8770,8771,8772,8773,8774,8775,8776,8777",0xbeae0fd8ccecc76afcc137d89f2b006e8c543c84,62514232,2026-08-07T00:16:08Z
0xf5e8cf9d825d5af478b00d396b80695e5701d881,10,"56,73,79,80,81,85,86,88,687,8053",0xbeae0fd8ccecc76afcc137d89f2b006e8c543c84,62514232,2026-08-07T00:16:08Z
0xdb6ca92b82f1a67b5ac8e0e197e0f2ed3a707a26,10,"3465,3481,3557,3806,3807,3811,3867,3871,3872,3921",0xbeae0fd8ccecc76afcc137d89f2b006e8c543c84,62514232,2026-08-07T00:16:08Z
0xc1ce096e968b98be8861aff0b7b3772ac7d37d52,10,"2344,2346,2362,2370,3308,5645,8096,8105,8251,8276",0xbeae0fd8ccecc76afcc137d89f2b006e8c543c84,62514232,2026-08-07T00:16:08Z
0x9e7a2757f9a86e6a9386db970438d4bbb7a236fe,10,"1444,1466,1469,1470,1484,1501,1502,1503,1504,1505",0xbeae0fd8ccecc76afcc137d89f2b006e8c543c84,62514232,2026-08-07T00:16:08Z
0x8a6070c627a51212b81f4fcf8b5cc8afd134f95e,10,"358,3344,3911,4006,4067,4690,8510,9023,9371,9853",0xbeae0fd8ccecc76afcc137d89f2b006e8c543c84,62514232,2026-08-07T00:16:08Z
0x885764ad778fa4fd941b5bcdee98b6666b01b3db,10,"1447,1448,1449,1450,1451,1452,1453,1454,1455,1456",0xbeae0fd8ccecc76afcc137d89f2b006e8c543c84,62514232,2026-08-07T00:16:08Z
0x5729a5be8c10f876112214bbf79e922ad3b51d97,10,"1375,1393,1394,1395,1396,1431,1432,1433,1434,1435",0xbeae0fd8ccecc76afcc137d89f2b006e8c543c84,62514232,2026-08-07T00:16:08Z
0x5448c3ccd7107154fe522787c11cdc24051fbc10,10,"2776,2778,2779,2780,2781,2782,2783,2784,2785,3315",0xbeae0fd8ccecc76afcc137d89f2b006e8c543c84,62514232,2026-08-07T00:16:08Z
0x4c0f89ce9c9a9d95c1e0f6ded8fd77c02d4e85f7,10,"921,1439,7147,9000,9048,9500,9555,9877,9884,9974",0xbeae0fd8ccecc76afcc137d89f2b006e8c543c84,62514232,2026-08-07T00:16:08Z
0x06401f513e867b58c0b825b6ac7af69b05172a72,10,"7151,7152,7153,7169,7172,7174,7176,7177,7178,7179",0xbeae0fd8ccecc76afcc137d89f2b006e8c543c84,62514232,2026-08-07T00:16:08Z
0xddf8da887a1d5c07d05a948856b79dab091efc78,9,"706,746,944,2515,4860,7412,9376,9648,9953",0xbeae0fd8ccecc76afcc137d89f2b006e8c543c84,62514232,2026-08-07T00:16:08Z
0xad160b42aab93a89bfb3fc8d5871cfbe08a014c1,9,"69,333,373,989,2679,2902,3429,6021,9001",0xbeae0fd8ccecc76afcc137d89f2b006e8c543c84,62514232,2026-08-07T00:16:08Z
0xa6ed98c6223d109df29c411946093d4a071aec69,9,"143,398,672,742,1946,7494,7707,7756,8262",0xbeae0fd8ccecc76afcc137d89f2b006e8c543c84,62514232,2026-08-07T00:16:08Z
0x87c3cdca105a899568bad99d1ce63d712cc832b9,9,"144,168,170,338,396,430,441,449,459",0xbeae0fd8ccecc76afcc137d89f2b006e8c543c84,62514232,2026-08-07T00:16:08Z
0x6beef2b2fe00fddca12a8cda2d4b00435b0ba3b6,9,"674,772,1030,2855,3551,5960,6020,7126,9005",0xbeae0fd8ccecc76afcc137d89f2b006e8c543c84,62514232,2026-08-07T00:16:08Z
0x56ce632320b8af872b9ef5b94c4a483a63f1ee26,9,"935,1366,1868,1905,1942,2017,6336,6354,7403",0xbeae0fd8ccecc76afcc137d89f2b006e8c543c84,62514232,2026-08-07T00:16:08Z
0x52915e3b51d1bf641fde6b927a8fb2a07f9552e0,9,"1202,1922,2564,2685,3065,5351,5964,6012,7381",0xbeae0fd8ccecc76afcc137d89f2b006e8c543c84,62514232,2026-08-07T00:16:08Z
0x165dcdd0fa438045269b99e4dbc2c67f195fb39f,9,"175,223,379,386,1413,1926,2436,7255,8930",0xbeae0fd8ccecc76afcc137d89f2b006e8c543c84,62514232,2026-08-07T00:16:08Z
0xffd3fae766941657b1270d1cde7f0a6a2bcc0538,8,"692,693,757,1204,5823,5847,5916,6792",0xbeae0fd8ccecc76afcc137d89f2b006e8c543c84,62514232,2026-08-07T00:16:08Z
0xedd5e266ea99e5808f8c3c67b82b8a08c20411e9,8,"1367,1374,1461,3154,3235,3384,3501,4000",0xbeae0fd8ccecc76afcc137d89f2b006e8c543c84,62514232,2026-08-07T00:16:08Z
0x6c1c3b9aaac503f3d0ddd4323084c5ae2674587d,8,"126,914,1005,3278,3288,7259,7579,8133",0xbeae0fd8ccecc76afcc137d89f2b006e8c543c84,62514232,2026-08-07T00:16:08Z
0x00e7de2ff77b46e70f9c9bece7fdb0e6d3547510,8,"27,189,1290,1294,1440,2853,4042,4865",0xbeae0fd8ccecc76afcc137d89f2b006e8c543c84,62514232,2026-08-07T00:16:08Z
0xfe71158191925e9dd6d62dd646a82119550ffff4,7,"5778,6579,6583,6805,7077,7640,8143",0xbeae0fd8ccecc76afcc137d89f2b006e8c543c84,62514232,2026-08-07T00:16:08Z
0xbd9145a7d3a90c8cd2231cc95ceef79741bf416c,7,"3971,4016,4039,4487,4778,5931,5972",0xbeae0fd8ccecc76afcc137d89f2b006e8c543c84,62514232,2026-08-07T00:16:08Z
0x7388319df4bbecfa54af64cee90893f7df86041d,7,"29,2659,6352,6404,7398,9566,9933",0xbeae0fd8ccecc76afcc137d89f2b006e8c543c84,62514232,2026-08-07T00:16:08Z
0x5bdc97ef6db3f69ba6e4d73550aa57e54a966713,7,"8557,8558,8559,8560,9358,9359,9760",0xbeae0fd8ccecc76afcc137d89f2b006e8c543c84,62514232,2026-08-07T00:16:08Z
0x1c9653180c29e3b8956c2d5dcec98fd580e26437,7,"2512,3238,3859,3902,3903,3997,8829",0xbeae0fd8ccecc76afcc137d89f2b006e8c543c84,62514232,2026-08-07T00:16:08Z
0xfc74d66d89c2854202f5e570213a926a879800ee,6,"2338,3393,5212,5577,5822,6952",0xbeae0fd8ccecc76afcc137d89f2b006e8c543c84,62514232,2026-08-07T00:16:08Z
0xe61d8e9608e8781bf92680ae68cf8ab08c349094,6,"9,3883,6708,6715,6808,8100",0xbeae0fd8ccecc76afcc137d89f2b006e8c543c84,62514232,2026-08-07T00:16:08Z
0xd49736afad1a8a2d60a02e736b0175f1d94b334c,6,"442,4839,7502,9004,9260,9556",0xbeae0fd8ccecc76afcc137d89f2b006e8c543c84,62514232,2026-08-07T00:16:08Z
0xa1ce7bed292dda1538dcc3ef49e80639cf84dedd,6,"345,447,448,1862,1900,1945",0xbeae0fd8ccecc76afcc137d89f2b006e8c543c84,62514232,2026-08-07T00:16:08Z
0x85105a83123a8c4ec5974741818f80b7248f1822,6,"3511,4084,4437,4838,5874,5974",0xbeae0fd8ccecc76afcc137d89f2b006e8c543c84,62514232,2026-08-07T00:16:08Z
0x6ad5f97b42c7d74d44ceca505a2739e2a126c397,6,"2613,2623,3468,5316,6055,9921",0xbeae0fd8ccecc76afcc137d89f2b006e8c543c84,62514232,2026-08-07T00:16:08Z
0x6a9ca64ddd28c05ecf7db54b944128f254ded612,6,"271,1287,4484,6171,6993,8698",0xbeae0fd8ccecc76afcc137d89f2b006e8c543c84,62514232,2026-08-07T00:16:08Z
0x279c2a10b6229378d029be2f61efdcb12113299b,6,"1028,1239,2537,3873,8700,9298",0xbeae0fd8ccecc76afcc137d89f2b006e8c543c84,62514232,2026-08-07T00:16:08Z
0x1f1392fb77ca98f06ea8291883e5bf216a35e29c,6,"1252,1256,5747,5775,6135,9425",0xbeae0fd8ccecc76afcc137d89f2b006e8c543c84,62514232,2026-08-07T00:16:08Z
0x1952e0e9799d48578ced6ab0fff50c4109911c0a,6,"474,726,950,4414,5606,9590",0xbeae0fd8ccecc76afcc137d89f2b006e8c543c84,62514232,2026-08-07T00:16:08Z
0x063243ab199571579ed04c7ebdc19936ca136a2e,6,"1398,2896,4564,4568,5810,5813",0xbeae0fd8ccecc76afcc137d89f2b006e8c543c84,62514232,2026-08-07T00:16:08Z
0xf597a73ee9952e494bcc7d9ea0f845dfeff18879,5,"753,1802,3385,3401,4767",0xbeae0fd8ccecc76afcc137d89f2b006e8c543c84,62514232,2026-08-07T00:16:08Z
0xe80f69ec5a1a0850bd0834cf44fbc90ae7a8f324,5,"4910,6167,6287,6560,9668",0xbeae0fd8ccecc76afcc137d89f2b006e8c543c84,62514232,2026-08-07T00:16:08Z
0xc9aa4d7a47472b5b5d0b7f64430dab4da12ec4eb,5,"45,115,316,494,1143",0xbeae0fd8ccecc76afcc137d89f2b006e8c543c84,62514232,2026-08-07T00:16:08Z
0xb3888d9088dacd776e5077baa4b8de202aad26f0,5,"1278,9399,9401,9727,9943",0xbeae0fd8ccecc76afcc137d89f2b006e8c543c84,62514232,2026-08-07T00:16:08Z
0xa3bbcb2154184a2e8d4aba303a2e9207113e409d,5,"1008,4256,6727,7128,8282",0xbeae0fd8ccecc76afcc137d89f2b006e8c543c84,62514232,2026-08-07T00:16:08Z
0x9257c70f885524872ed699d1d87852fecd51fb54,5,"176,1932,3205,3214,8101",0xbeae0fd8ccecc76afcc137d89f2b006e8c543c84,62514232,2026-08-07T00:16:08Z
0x901831f417998747dd775e1d6e453c823b280880,5,"970,971,972,1071,1081",0xbeae0fd8ccecc76afcc137d89f2b006e8c543c84,62514232,2026-08-07T00:16:08Z
0x77ae6ae1e19f8693b81ee75517ef45f9aa4a5939,5,"9117,9118,9119,9120,9121",0xbeae0fd8ccecc76afcc137d89f2b006e8c543c84,62514232,2026-08-07T00:16:08Z
0x7072a6a7dbb5e801716e8670e8b0b83b3cbabeb5,5,"383,4176,4177,8779,9659",0xbeae0fd8ccecc76afcc137d89f2b006e8c543c84,62514232,2026-08-07T00:16:08Z
0x6acd98b7f9d818699aceb70f5e87fe148ccbb988,5,"205,3174,6994,8070,8270",0xbeae0fd8ccecc76afcc137d89f2b006e8c543c84,62514232,2026-08-07T00:16:08Z
0x53270d44eee663e509f0b715525703b12c353e30,5,"340,3463,6617,6618,9502",0xbeae0fd8ccecc76afcc137d89f2b006e8c543c84,62514232,2026-08-07T00:16:08Z
0x526fda8f7499ff5683031353c4808d394f7f7f7b,5,"677,1266,3492,4544,7474",0xbeae0fd8ccecc76afcc137d89f2b006e8c543c84,62514232,2026-08-07T00:16:08Z
0x4e90942ec029f6271c6db38c641c994984cad433,5,"1121,2099,3252,4244,9185",0xbeae0fd8ccecc76afcc137d89f2b006e8c543c84,62514232,2026-08-07T00:16:08Z
0x483ab8e1483a60557d0952c99e13691d86290fa7,5,"1896,2038,3963,5361,7456",0xbeae0fd8ccecc76afcc137d89f2b006e8c543c84,62514232,2026-08-07T00:16:08Z
0x3dcee79b27bbd1ff1f6f3129576cc8f55cc3be75,5,"855,1041,1412,7256,9010",0xbeae0fd8ccecc76afcc137d89f2b006e8c543c84,62514232,2026-08-07T00:16:08Z
0x3940ba2c8c3038f7afdd88c8fba3cd1c4f0bd8ed,5,"2660,2661,2665,2666,8236",0xbeae0fd8ccecc76afcc137d89f2b006e8c543c84,62514232,2026-08-07T00:16:08Z
0x34400ecc4a5a69891a617a073e2935189f771958,5,"4566,4936,6458,9460,9461",0xbeae0fd8ccecc76afcc137d89f2b006e8c543c84,62514232,2026-08-07T00:16:08Z
0x2f24fcace6cfd2f5556aa4ecc604e6cfe8468da9,5,"50,1136,1259,4780,6995",0xbeae0fd8ccecc76afcc137d89f2b006e8c543c84,62514232,2026-08-07T00:16:08Z
0xfe62606a7f1c1e0e6c4eb40a5081a44587509b2f,4,"169,5092,6141,6706",0xbeae0fd8ccecc76afcc137d89f2b006e8c543c84,62514232,2026-08-07T00:16:08Z
0xb14d9123fd66ecb336466cce3a6647c644c28ec4,4,"3982,4952,6772,6773",0xbeae0fd8ccecc76afcc137d89f2b006e8c543c84,62514232,2026-08-07T00:16:08Z
0x9d4d6ea8a77c9b6284e9352dcdbd74e36703938b,4,"3978,4007,4052,4243",0xbeae0fd8ccecc76afcc137d89f2b006e8c543c84,62514232,2026-08-07T00:16:08Z
0x92199c5c8e56bb565ad23852d10b2dbe37090e41,4,"3152,4727,7137,8860",0xbeae0fd8ccecc76afcc137d89f2b006e8c543c84,62514232,2026-08-07T00:16:08Z
0x8f32ee6d4ab9b22743a27179bc881941444e697b,4,"407,6400,6609,7470",0xbeae0fd8ccecc76afcc137d89f2b006e8c543c84,62514232,2026-08-07T00:16:08Z
0x81de381fa4b91bc6e36be3e31483fefaba6b1b0a,4,"363,5224,6571,7222",0xbeae0fd8ccecc76afcc137d89f2b006e8c543c84,62514232,2026-08-07T00:16:08Z
0x750685db51856e2c9b5e839ab27fb268b365115b,4,"748,3040,4587,8322",0xbeae0fd8ccecc76afcc137d89f2b006e8c543c84,62514232,2026-08-07T00:16:08Z
0x733246bcee1d39f3cae699a1f1cffc97d67d2e57,4,"3347,6941,7286,7451",0xbeae0fd8ccecc76afcc137d89f2b006e8c543c84,62514232,2026-08-07T00:16:08Z
0x71ec997942fa17dd25a336ec9ab6fdab1cd385d5,4,"2508,3260,3261,7382",0xbeae0fd8ccecc76afcc137d89f2b006e8c543c84,62514232,2026-08-07T00:16:08Z
0x6bddecd2198e1268bcea61d92db08a49719b8202,4,"104,105,1948,6906",0xbeae0fd8ccecc76afcc137d89f2b006e8c543c84,62514232,2026-08-07T00:16:08Z
0x51845ce5b8a1b2b33157980e73e0a26861865233,4,"240,243,246,249",0xbeae0fd8ccecc76afcc137d89f2b006e8c543c84,62514232,2026-08-07T00:16:08Z
0x3a02e6a4c53e3c03b3f755c04b0f0cb8117b7c64,4,"3427,4724,6604,9916",0xbeae0fd8ccecc76afcc137d89f2b006e8c543c84,62514232,2026-08-07T00:16:08Z
0x2f5a3592b968333280a64171a4608cd1f3088eea,4,"682,773,2835,6747",0xbeae0fd8ccecc76afcc137d89f2b006e8c543c84,62514232,2026-08-07T00:16:08Z
0x25bd837b37062048822b143e211762bcdff75801,4,"1379,2868,4905,7069",0xbeae0fd8ccecc76afcc137d89f2b006e8c543c84,62514232,2026-08-07T00:16:08Z
0x22f4194f6706e70abaa14ab352d0baa6c7ced24a,4,"520,1510,2048,2311",0xbeae0fd8ccecc76afcc137d89f2b006e8c543c84,62514232,2026-08-07T00:16:08Z
0x186e2742637ce0c611fcbc52aa667731bdede465,4,"265,342,370,3229",0xbeae0fd8ccecc76afcc137d89f2b006e8c543c84,62514232,2026-08-07T00:16:08Z
0xfc643764d349c03349fe7936cbd5a08bcc686f36,3,"6852,8696,9387",0xbeae0fd8ccecc76afcc137d89f2b006e8c543c84,62514232,2026-08-07T00:16:08Z
0xf3f59914c371fdd88a47bd2dfccd56545e63028d,3,"1549,7544,7552",0xbeae0fd8ccecc76afcc137d89f2b006e8c543c84,62514232,2026-08-07T00:16:08Z
0xee04f59b80daf169e3dab9581a2de0c05095666f,3,"2900,7898,8152",0xbeae0fd8ccecc76afcc137d89f2b006e8c543c84,62514232,2026-08-07T00:16:08Z
0xe13c5bb07389ee2da2e20ddf317b7af8bd55940e,3,"399,400,401",0xbeae0fd8ccecc76afcc137d89f2b006e8c543c84,62514232,2026-08-07T00:16:08Z
0xdfa4908427b2cc1dcbe24125568a4d09b30c2d49,3,"2571,3884,5067",0xbeae0fd8ccecc76afcc137d89f2b006e8c543c84,62514232,2026-08-07T00:16:08Z
0xcf249deebb12ab9f8ba5028fa58d625cbd62f59b,3,"1221,2014,3144",0xbeae0fd8ccecc76afcc137d89f2b006e8c543c84,62514232,2026-08-07T00:16:08Z
0xca865e5104ea76ca36430de4d5a75a229318643e,3,"1472,6619,9955",0xbeae0fd8ccecc76afcc137d89f2b006e8c543c84,62514232,2026-08-07T00:16:08Z
0xc040151327adf5119cadac3ae3014eef7beaf476,3,"482,9124,9274",0xbeae0fd8ccecc76afcc137d89f2b006e8c543c84,62514232,2026-08-07T00:16:08Z
0xbefd19f208ba77304c35752ada89c1745061e044,3,"7164,8246,8634",0xbeae0fd8ccecc76afcc137d89f2b006e8c543c84,62514232,2026-08-07T00:16:08Z
0xb40adaee16ae84015c2a5af08c42accc3a58ffde,3,"5362,7216,8079",0xbeae0fd8ccecc76afcc137d89f2b006e8c543c84,62514232,2026-08-07T00:16:08Z
0xa1198aa72fbc54441585425c7beb8b266ddfb951,3,"4111,6236,8513",0xbeae0fd8ccecc76afcc137d89f2b006e8c543c84,62514232,2026-08-07T00:16:08Z
0xa04fb318fc1bdb1674231ad20ad99a5989c59efe,3,"163,362,484",0xbeae0fd8ccecc76afcc137d89f2b006e8c543c84,62514232,2026-08-07T00:16:08Z
0x772e4dd9509e20aa8a575023b5b6e33a114db74a,3,"4917,7335,7662",0xbeae0fd8ccecc76afcc137d89f2b006e8c543c84,62514232,2026-08-07T00:16:08Z
0x71f6fbf51e3ebc2ad631c6c2e4440cba9dd46fae,3,"1288,3045,7585",0xbeae0fd8ccecc76afcc137d89f2b006e8c543c84,62514232,2026-08-07T00:16:08Z
0x705f92a185dbd2e2d45409742bbfa816d60ddb93,3,"2047,2514,3264",0xbeae0fd8ccecc76afcc137d89f2b006e8c543c84,62514232,2026-08-07T00:16:08Z
0x6e7deb43b4855805ac5b61619161961f7621fbee,3,"7459,8488,8741",0xbeae0fd8ccecc76afcc137d89f2b006e8c543c84,62514232,2026-08-07T00:16:08Z
0x63075555cf2ad1ee61808cc13f36c1f5be0341a1,3,"2132,2202,2204",0xbeae0fd8ccecc76afcc137d89f2b006e8c543c84,62514232,2026-08-07T00:16:08Z
0x6193aac56cc4121c1c0558ee548b6e7bb02d7660,3,"3992,4759,8099",0xbeae0fd8ccecc76afcc137d89f2b006e8c543c84,62514232,2026-08-07T00:16:08Z
0x48ba9066bf91496ae48ca95ed5da2739de870954,3,"99,7139,9951",0xbeae0fd8ccecc76afcc137d89f2b006e8c543c84,62514232,2026-08-07T00:16:08Z
0x4440c3adbcf4b125fec11560dde90498843bbc2a,3,"76,84,7168",0xbeae0fd8ccecc76afcc137d89f2b006e8c543c84,62514232,2026-08-07T00:16:08Z
0x3d5988eac7dbfdc40ac0674ee2bd4fd01a475f2c,3,"3182,3257,5928",0xbeae0fd8ccecc76afcc137d89f2b006e8c543c84,62514232,2026-08-07T00:16:08Z
0x3b7b492bd5c93d8151d51af7486fc7c098802531,3,"7108,7116,9765",0xbeae0fd8ccecc76afcc137d89f2b006e8c543c84,62514232,2026-08-07T00:16:08Z
0x39f4b3670652d1fd528919986640b1c3f60167cf,3,"28,117,3475",0xbeae0fd8ccecc76afcc137d89f2b006e8c543c84,62514232,2026-08-07T00:16:08Z
0x3386e85f8089b0daa32b1189283aed23c9cd95dd,3,"2847,3478,5983",0xbeae0fd8ccecc76afcc137d89f2b006e8c543c84,62514232,2026-08-07T00:16:08Z
0x1fa26cbb26a254b728e81007e39ffe9a9a93df14,3,"3907,6016,7341",0xbeae0fd8ccecc76afcc137d89f2b006e8c543c84,62514232,2026-08-07T00:16:08Z
0x16d20fcca26b5258acf4e635a2c96ab56b88eec7,3,"100,2479,8971",0xbeae0fd8ccecc76afcc137d89f2b006e8c543c84,62514232,2026-08-07T00:16:08Z
0x12d1721d77cd5f9c18d8e71504f0efabfd997abd,3,"476,3904,9653",0xbeae0fd8ccecc76afcc137d89f2b006e8c543c84,62514232,2026-08-07T00:16:08Z
0x09b44efa943093e6a448b4cf25d150ef44b4ed54,3,"1011,3150,3215",0xbeae0fd8ccecc76afcc137d89f2b006e8c543c84,62514232,2026-08-07T00:16:08Z
0x05257aad5e8ae0a91c6f4038d33c6d2e686939aa,3,"943,949,6303",0xbeae0fd8ccecc76afcc137d89f2b006e8c543c84,62514232,2026-08-07T00:16:08Z
0xff118bf7e84b4a59ee13326039524576094c6d7a,2,"6306,9319",0xbeae0fd8ccecc76afcc137d89f2b006e8c543c84,62514232,2026-08-07T00:16:08Z
0xea7a49803f06022e58b48c3b40c24dae442bc9d6,2,"8561,9184",0xbeae0fd8ccecc76afcc137d89f2b006e8c543c84,62514232,2026-08-07T00:16:08Z
0xe9b5cd249151af940acbaf7b2d116f6cd6df9e9d,2,"1909,3508",0xbeae0fd8ccecc76afcc137d89f2b006e8c543c84,62514232,2026-08-07T00:16:08Z
0xe9497282ebdc3a9acceb9fa88cb4ae0f3323a8f4,2,"6803,6862",0xbeae0fd8ccecc76afcc137d89f2b006e8c543c84,62514232,2026-08-07T00:16:08Z
0xe116d5f4ccd817e93a4827b4b1166fb3fa61bec5,2,"186,743",0xbeae0fd8ccecc76afcc137d89f2b006e8c543c84,62514232,2026-08-07T00:16:08Z
0xde6bb9a3ea0825d1ae143e3b5dc9944e0579412a,2,"3416,3808",0xbeae0fd8ccecc76afcc137d89f2b006e8c543c84,62514232,2026-08-07T00:16:08Z
0xdc976a15e3929759df943544c918b4e2a68c3f9e,2,"2021,8820",0xbeae0fd8ccecc76afcc137d89f2b006e8c543c84,62514232,2026-08-07T00:16:08Z
0xd49322add203c8e04acdd53b7ff14b5e0ac861d7,2,"5502,6019",0xbeae0fd8ccecc76afcc137d89f2b006e8c543c84,62514232,2026-08-07T00:16:08Z
0xcef6e423bdda75216373091b57fa30684673267e,2,"5985,9665",0xbeae0fd8ccecc76afcc137d89f2b006e8c543c84,62514232,2026-08-07T00:16:08Z
0xce29d7e516c651b741676bdc27671990ffc9e65b,2,"5341,8124",0xbeae0fd8ccecc76afcc137d89f2b006e8c543c84,62514232,2026-08-07T00:16:08Z
0xc9febc8f7876d938eb27fbd667e48e0961f63445,2,"1805,1806",0xbeae0fd8ccecc76afcc137d89f2b006e8c543c84,62514232,2026-08-07T00:16:08Z
0xc8a1768652cfd807a252cc94da60edeb3b04b5d5,2,"5996,9881",0xbeae0fd8ccecc76afcc137d89f2b006e8c543c84,62514232,2026-08-07T00:16:08Z
0xc2b3512afdc4b060fa79c95baeb65c6d1bcaf6e0,2,"381,513",0xbeae0fd8ccecc76afcc137d89f2b006e8c543c84,62514232,2026-08-07T00:16:08Z
0xb9c8395e44afaab58636c0d3f69dc6b80d6b979b,2,"1235,7149",0xbeae0fd8ccecc76afcc137d89f2b006e8c543c84,62514232,2026-08-07T00:16:08Z
0xb893ce7529bcb6b241660308e38b93b48eb560c0,2,"734,1424",0xbeae0fd8ccecc76afcc137d89f2b006e8c543c84,62514232,2026-08-07T00:16:08Z
0xb65e21e8e702faa5bbe672702ee61614608e3745,2,"1,3303",0xbeae0fd8ccecc76afcc137d89f2b006e8c543c84,62514232,2026-08-07T00:16:08Z
0xb3b036b9992a733183d48b4334a7fb3614989cce,2,"4892,5915",0xbeae0fd8ccecc76afcc137d89f2b006e8c543c84,62514232,2026-08-07T00:16:08Z
0xa73a3f7943e25afd90c78e0392806a6c456afe08,2,"5222,5227",0xbeae0fd8ccecc76afcc137d89f2b006e8c543c84,62514232,2026-08-07T00:16:08Z
0xa2d410b885d2a9a5f204c2f75401f524478b5dc1,2,"1970,1977",0xbeae0fd8ccecc76afcc137d89f2b006e8c543c84,62514232,2026-08-07T00:16:08Z
0xa0742d03fb1958bf9989a28920756a6cb96259d2,2,"1082,9792",0xbeae0fd8ccecc76afcc137d89f2b006e8c543c84,62514232,2026-08-07T00:16:08Z
0x9f6821b0b9b377c8743852a4fe222cd2cd63c75c,2,"384,4063",0xbeae0fd8ccecc76afcc137d89f2b006e8c543c84,62514232,2026-08-07T00:16:08Z
0x9d944fabffe6d849370d1c1db2f453a5e280096c,2,"1865,6966",0xbeae0fd8ccecc76afcc137d89f2b006e8c543c84,62514232,2026-08-07T00:16:08Z
0x878a5c89f8b2fdaa94613d0b81ec425e9a427985,2,"6611,7562",0xbeae0fd8ccecc76afcc137d89f2b006e8c543c84,62514232,2026-08-07T00:16:08Z
0x7d87d64a298f019416ef24000efc66e639bb8a73,2,"1859,1861",0xbeae0fd8ccecc76afcc137d89f2b006e8c543c84,62514232,2026-08-07T00:16:08Z
0x7d0fdf6037f434a64db23e89185d2bc4a4f18dfa,2,"9179,9181",0xbeae0fd8ccecc76afcc137d89f2b006e8c543c84,62514232,2026-08-07T00:16:08Z
0x7b576b07afa8a3f1a418360ce467de86f160b129,2,"1103,1104",0xbeae0fd8ccecc76afcc137d89f2b006e8c543c84,62514232,2026-08-07T00:16:08Z
0x779724b7933e473c09b9fdceb6b54c973756b30b,2,"55,63",0xbeae0fd8ccecc76afcc137d89f2b006e8c543c84,62514232,2026-08-07T00:16:08Z
0x7627aede759b6dbe83e523268046a8751dbfb079,2,"978,6175",0xbeae0fd8ccecc76afcc137d89f2b006e8c543c84,62514232,2026-08-07T00:16:08Z
0x76258f5c7d74bf43969f7e0c8799d10848e7a9af,2,"2068,9126",0xbeae0fd8ccecc76afcc137d89f2b006e8c543c84,62514232,2026-08-07T00:16:08Z
0x75be1443985f6830740afb1d30cbeda676490cb5,2,"500,4089",0xbeae0fd8ccecc76afcc137d89f2b006e8c543c84,62514232,2026-08-07T00:16:08Z
0x7559b6e695521129025e2ddfd2f075ff573c718f,2,"747,2427",0xbeae0fd8ccecc76afcc137d89f2b006e8c543c84,62514232,2026-08-07T00:16:08Z
0x74f54f2bc5876033a0cb78db7ae72ff88725e8f8,2,"5905,8348",0xbeae0fd8ccecc76afcc137d89f2b006e8c543c84,62514232,2026-08-07T00:16:08Z
0x747dff8a212d27e491a90370d24669d200811bc5,2,"3268,3812",0xbeae0fd8ccecc76afcc137d89f2b006e8c543c84,62514232,2026-08-07T00:16:08Z
0x73a7d216db8d609223a66b877c3ff2dcdf45f014,2,"856,8268",0xbeae0fd8ccecc76afcc137d89f2b006e8c543c84,62514232,2026-08-07T00:16:08Z
0x714f406dcabbbeff4a6f64b504320013160ecfd8,2,"926,4263",0xbeae0fd8ccecc76afcc137d89f2b006e8c543c84,62514232,2026-08-07T00:16:08Z
0x6eaffb32ba01fb8b235f34ea868554c71635dbd9,2,"67,8518",0xbeae0fd8ccecc76afcc137d89f2b006e8c543c84,62514232,2026-08-07T00:16:08Z
0x65dcf7782260aa1d6642a85f36c0bc9545182f1e,2,"8098,9557",0xbeae0fd8ccecc76afcc137d89f2b006e8c543c84,62514232,2026-08-07T00:16:08Z
0x64f27d03cbf3425a971bac625dc828a2e1fa82a5,2,"3272,6247",0xbeae0fd8ccecc76afcc137d89f2b006e8c543c84,62514232,2026-08-07T00:16:08Z
0x5f667eaf848481766b0a8926793ebeb77da9bb87,2,"4270,7619",0xbeae0fd8ccecc76afcc137d89f2b006e8c543c84,62514232,2026-08-07T00:16:08Z
0x4fc0202c934cf38c740293501a497e006cd9c3e8,2,"3015,5986",0xbeae0fd8ccecc76afcc137d89f2b006e8c543c84,62514232,2026-08-07T00:16:08Z
0x4e87cde0d4bccbeca72c34e111526eb0cf3cc104,2,"7414,9670",0xbeae0fd8ccecc76afcc137d89f2b006e8c543c84,62514232,2026-08-07T00:16:08Z
0x4bd051363f2085bedc581d273241576db2319d4a,2,"2063,5957",0xbeae0fd8ccecc76afcc137d89f2b006e8c543c84,62514232,2026-08-07T00:16:08Z
0x4ac9e87cb27c93bcb3abf852c11635806b5c15d9,2,"125,9002",0xbeae0fd8ccecc76afcc137d89f2b006e8c543c84,62514232,2026-08-07T00:16:08Z
0x3ecebe12c16267c4651c4ee43d1ffaf0de70115c,2,"6050,7587",0xbeae0fd8ccecc76afcc137d89f2b006e8c543c84,62514232,2026-08-07T00:16:08Z
0x3b5ae40384e2b9813844cb66499471ef15f9d084,2,"3516,9559",0xbeae0fd8ccecc76afcc137d89f2b006e8c543c84,62514232,2026-08-07T00:16:08Z
0x38e4c3cb13c02014e31c84380a3d10e885365412,2,"198,6349",0xbeae0fd8ccecc76afcc137d89f2b006e8c543c84,62514232,2026-08-07T00:16:08Z
0x2e9a3cab40223238939d63d59be8c3ff453b1483,2,"472,3900",0xbeae0fd8ccecc76afcc137d89f2b006e8c543c84,62514232,2026-08-07T00:16:08Z
0x2c4c20ebc894664b8f7fa4a2df0066aa96671aec,2,"6023,8977",0xbeae0fd8ccecc76afcc137d89f2b006e8c543c84,62514232,2026-08-07T00:16:08Z
0x2c368a826fd29c28d12bd62a79445bc275825f8d,2,"40,2290",0xbeae0fd8ccecc76afcc137d89f2b006e8c543c84,62514232,2026-08-07T00:16:08Z
0x26a0f386140f84e3531d30926d6a053cadeb94f8,2,"9109,9112",0xbeae0fd8ccecc76afcc137d89f2b006e8c543c84,62514232,2026-08-07T00:16:08Z
0x24d1349889f96886f9ac8dd75077e655e0f61c4a,2,"531,1378",0xbeae0fd8ccecc76afcc137d89f2b006e8c543c84,62514232,2026-08-07T00:16:08Z
0x20df12bfcd84802f02100ebb17c5f504fbdc4828,2,"1875,2013",0xbeae0fd8ccecc76afcc137d89f2b006e8c543c84,62514232,2026-08-07T00:16:08Z
0x1893bfe48ac3cecf014a837d0c789fe56de783ea,2,"6013,6557",0xbeae0fd8ccecc76afcc137d89f2b006e8c543c84,62514232,2026-08-07T00:16:08Z
0x0c629a22b798d85465f490261eb7c9a0242e05ec,2,"487,3486",0xbeae0fd8ccecc76afcc137d89f2b006e8c543c84,62514232,2026-08-07T00:16:08Z
0x0c1bb6646f84a50390ee2544b8737f352b9ed466,2,"1101,5967",0xbeae0fd8ccecc76afcc137d89f2b006e8c543c84,62514232,2026-08-07T00:16:08Z
0x09a6603196a049f97ebd9f984069b4b54478dfd0,2,"9761,9764",0xbeae0fd8ccecc76afcc137d89f2b006e8c543c84,62514232,2026-08-07T00:16:08Z
0x09367c34f6d23284490a10668eccdeb14beb6806,2,"578,7582",0xbeae0fd8ccecc76afcc137d89f2b006e8c543c84,62514232,2026-08-07T00:16:08Z
0x06e1f185ca7dab7c355ee578794e534b8ca6c565,2,"1972,7057",0xbeae0fd8ccecc76afcc137d89f2b006e8c543c84,62514232,2026-08-07T00:16:08Z
0x02d22726492e392243ee41d2c4c4f6b3f04f7ad4,2,"479,4536",0xbeae0fd8ccecc76afcc137d89f2b006e8c543c84,62514232,2026-08-07T00:16:08Z
0xfe885162a6451b2134e052053f56fe661e4eb334,1,9896,0xbeae0fd8ccecc76afcc137d89f2b006e8c543c84,62514232,2026-08-07T00:16:08Z
0xfe76eb665b7c09990db3589fa5ca52bbdce69ba6,1,6136,0xbeae0fd8ccecc76afcc137d89f2b006e8c543c84,62514232,2026-08-07T00:16:08Z
0xfd78ab40ca4a89418fe32817b03df3adc4aa9a7e,1,867,0xbeae0fd8ccecc76afcc137d89f2b006e8c543c84,62514232,2026-08-07T00:16:08Z
0xfd5d001eecee184e8730af78d716391dd908a2e9,1,1827,0xbeae0fd8ccecc76afcc137d89f2b006e8c543c84,62514232,2026-08-07T00:16:08Z
0xfb8200dfe73aca3a59a4639f8453cc50bafeb9bc,1,3816,0xbeae0fd8ccecc76afcc137d89f2b006e8c543c84,62514232,2026-08-07T00:16:08Z
0xfb46a248c99ad98a3e58f955183110af7a807b39,1,6857,0xbeae0fd8ccecc76afcc137d89f2b006e8c543c84,62514232,2026-08-07T00:16:08Z
0xfa43636a2aea7135aac5a382dc8a874003bfc09b,1,204,0xbeae0fd8ccecc76afcc137d89f2b006e8c543c84,62514232,2026-08-07T00:16:08Z
0xf94a7a7a2ea97f28d7f04f8f2c991ce91b92b73e,1,8,0xbeae0fd8ccecc76afcc137d89f2b006e8c543c84,62514232,2026-08-07T00:16:08Z
0xf8a7fdd037c5e8a437d25c7eb8fbf5501fb07e58,1,149,0xbeae0fd8ccecc76afcc137d89f2b006e8c543c84,62514232,2026-08-07T00:16:08Z
0xf80f4a9a67fffcdba606a8ab2ab1459dd38ab228,1,3453,0xbeae0fd8ccecc76afcc137d89f2b006e8c543c84,62514232,2026-08-07T00:16:08Z
0xf6fafb9aafcefe3384256b86dd30ca4b26e24eb8,1,4305,0xbeae0fd8ccecc76afcc137d89f2b006e8c543c84,62514232,2026-08-07T00:16:08Z
0xf3b7dfde0c8184ada828e7f7f3cb02472c40105b,1,7029,0xbeae0fd8ccecc76afcc137d89f2b006e8c543c84,62514232,2026-08-07T00:16:08Z
0xf2cd351fcdec069e49aa8c667af22bb26e631a50,1,332,0xbeae0fd8ccecc76afcc137d89f2b006e8c543c84,62514232,2026-08-07T00:16:08Z
0xf2c10d2b21b09e76822c0088d5b130ffbe4eec45,1,6728,0xbeae0fd8ccecc76afcc137d89f2b006e8c543c84,62514232,2026-08-07T00:16:08Z
0xf1c8a8aaa018bc00b97287721ef418a62ba2bb82,1,6308,0xbeae0fd8ccecc76afcc137d89f2b006e8c543c84,62514232,2026-08-07T00:16:08Z
0xeebb90ce4f69a1d366f4d5ea7f55c68ae550bec2,1,5342,0xbeae0fd8ccecc76afcc137d89f2b006e8c543c84,62514232,2026-08-07T00:16:08Z
0xee9ffd1899eef0c28ea2c836a8cba783c87f6f5b,1,289,0xbeae0fd8ccecc76afcc137d89f2b006e8c543c84,62514232,2026-08-07T00:16:08Z
0xed6157c728c5f654ea835fcdf6716b3ad2ecfd52,1,8159,0xbeae0fd8ccecc76afcc137d89f2b006e8c543c84,62514232,2026-08-07T00:16:08Z
0xe9b2b77f045d87206cf274a63d93c5defd13121f,1,4054,0xbeae0fd8ccecc76afcc137d89f2b006e8c543c84,62514232,2026-08-07T00:16:08Z
0xe8c2495f7caf9b342ea53470e76e958c6e373f1f,1,3493,0xbeae0fd8ccecc76afcc137d89f2b006e8c543c84,62514232,2026-08-07T00:16:08Z
0xe7bee935aad4b66f8136dd510abd37572681fd31,1,6925,0xbeae0fd8ccecc76afcc137d89f2b006e8c543c84,62514232,2026-08-07T00:16:08Z
0xe5845761e7773976055f2559ca54be41f09d9e88,1,517,0xbeae0fd8ccecc76afcc137d89f2b006e8c543c84,62514232,2026-08-07T00:16:08Z
0xe47d1f38fa1d891be3dbba8579785b1b106f5461,1,7114,0xbeae0fd8ccecc76afcc137d89f2b006e8c543c84,62514232,2026-08-07T00:16:08Z
0xe4725ff8973eb33f62977468ae9d121dddb35a2c,1,16,0xbeae0fd8ccecc76afcc137d89f2b006e8c543c84,62514232,2026-08-07T00:16:08Z
0xe3ca138a3debac621177a7dba8d5d046c6150c22,1,1839,0xbeae0fd8ccecc76afcc137d89f2b006e8c543c84,62514232,2026-08-07T00:16:08Z
0xe2a07147b3d18414fcf59ed4a63f4918dd34e59c,1,300,0xbeae0fd8ccecc76afcc137d89f2b006e8c543c84,62514232,2026-08-07T00:16:08Z
0xe11c5b8db81bac938ac09b5e1231de7d5c7ff817,1,3079,0xbeae0fd8ccecc76afcc137d89f2b006e8c543c84,62514232,2026-08-07T00:16:08Z
0xe0c484c905da1488700270f8398419d8b84915b5,1,1015,0xbeae0fd8ccecc76afcc137d89f2b006e8c543c84,62514232,2026-08-07T00:16:08Z
0xe07c1da899698f97924061932634485fb2d8c61f,1,3220,0xbeae0fd8ccecc76afcc137d89f2b006e8c543c84,62514232,2026-08-07T00:16:08Z
0xdeee829cbc16a37e426937ef99fe924044c85c23,1,2369,0xbeae0fd8ccecc76afcc137d89f2b006e8c543c84,62514232,2026-08-07T00:16:08Z
0xde6fe9935aba2dcf53808c924367b9bc0b3fb709,1,668,0xbeae0fd8ccecc76afcc137d89f2b006e8c543c84,62514232,2026-08-07T00:16:08Z
0xdd31e98fc11f0811cc2e6f9fefe452228fa260a9,1,3054,0xbeae0fd8ccecc76afcc137d89f2b006e8c543c84,62514232,2026-08-07T00:16:08Z
0xd8677b25bfe317b3a62dfc630df45831296e3ddd,1,7478,0xbeae0fd8ccecc76afcc137d89f2b006e8c543c84,62514232,2026-08-07T00:16:08Z
0xd56c38de5afec2a2cb23ee01908aca645e5fec37,1,2503,0xbeae0fd8ccecc76afcc137d89f2b006e8c543c84,62514232,2026-08-07T00:16:08Z
0xd4e2c4a0c4a0e58a789d8dbeafadfa2781033f2b,1,903,0xbeae0fd8ccecc76afcc137d89f2b006e8c543c84,62514232,2026-08-07T00:16:08Z
0xd339b9e2f5cf3b4e2f4fc5d8508e0cc0ae279bb8,1,4580,0xbeae0fd8ccecc76afcc137d89f2b006e8c543c84,62514232,2026-08-07T00:16:08Z
0xd2abd7a3333395a1ed7e54c67edf43ef934033a1,1,2061,0xbeae0fd8ccecc76afcc137d89f2b006e8c543c84,62514232,2026-08-07T00:16:08Z
0xd23eb806f77ff87ce09eead6b2dcdc93d6b9fa0c,1,3365,0xbeae0fd8ccecc76afcc137d89f2b006e8c543c84,62514232,2026-08-07T00:16:08Z
0xd1ae8c404f8aa322fb4840abda7e70ecb2a3abb3,1,1829,0xbeae0fd8ccecc76afcc137d89f2b006e8c543c84,62514232,2026-08-07T00:16:08Z
0xd0f7660ae5dae6068b6e9077cfadf236004c5849,1,7510,0xbeae0fd8ccecc76afcc137d89f2b006e8c543c84,62514232,2026-08-07T00:16:08Z
0xd029a085aa941ad578b346efa084049f670058b6,1,9336,0xbeae0fd8ccecc76afcc137d89f2b006e8c543c84,62514232,2026-08-07T00:16:08Z
0xcffe06d3cf0908c2452e7c336feec507d5afd41d,1,2787,0xbeae0fd8ccecc76afcc137d89f2b006e8c543c84,62514232,2026-08-07T00:16:08Z
0xcbe44136ff87f663aec399d07f3f234eb137eba9,1,7764,0xbeae0fd8ccecc76afcc137d89f2b006e8c543c84,62514232,2026-08-07T00:16:08Z
0xcb9040f4be7127cd663d4905de1b63972493c20e,1,678,0xbeae0fd8ccecc76afcc137d89f2b006e8c543c84,62514232,2026-08-07T00:16:08Z
0xcb053654a4a8204019f0ce787bc924920e7abc5b,1,8509,0xbeae0fd8ccecc76afcc137d89f2b006e8c543c84,62514232,2026-08-07T00:16:08Z
0xca2e56b5cf8235616067f060bf7421ccaa835940,1,13,0xbeae0fd8ccecc76afcc137d89f2b006e8c543c84,62514232,2026-08-07T00:16:08Z
0xc8d566a2724a533bd1c0e8528eea5f0150a125ac,1,1864,0xbeae0fd8ccecc76afcc137d89f2b006e8c543c84,62514232,2026-08-07T00:16:08Z
0xc87b1b752816b90977cbcdeca27d1cd775f8b777,1,694,0xbeae0fd8ccecc76afcc137d89f2b006e8c543c84,62514232,2026-08-07T00:16:08Z
0xc7fccac5de14076edd963b16c2368c0303736dce,1,304,0xbeae0fd8ccecc76afcc137d89f2b006e8c543c84,62514232,2026-08-07T00:16:08Z
0xc6aa11c4de800c953a1b69bde245ca24ef50ccd4,1,4001,0xbeae0fd8ccecc76afcc137d89f2b006e8c543c84,62514232,2026-08-07T00:16:08Z
0xc6643e3610bb5e5dfa3efc3dc8e3701e76f55a41,1,1237,0xbeae0fd8ccecc76afcc137d89f2b006e8c543c84,62514232,2026-08-07T00:16:08Z
0xc660cbf38011007f975744df85fc591c194d17c3,1,496,0xbeae0fd8ccecc76afcc137d89f2b006e8c543c84,62514232,2026-08-07T00:16:08Z
0xc0a32013bada413b7b389613239486df8dc8324c,1,2221,0xbeae0fd8ccecc76afcc137d89f2b006e8c543c84,62514232,2026-08-07T00:16:08Z
0xc05b84e1d2e5822353fef0dc58ebaf63c06dc44b,1,9541,0xbeae0fd8ccecc76afcc137d89f2b006e8c543c84,62514232,2026-08-07T00:16:08Z
0xc01afb00f72d0398dc7679713a1d7891418b76ff,1,9331,0xbeae0fd8ccecc76afcc137d89f2b006e8c543c84,62514232,2026-08-07T00:16:08Z
0xbf0841ec2d92f6db7c9ba18f8c970d3a86c29999,1,43,0xbeae0fd8ccecc76afcc137d89f2b006e8c543c84,62514232,2026-08-07T00:16:08Z
0xbe5ba997d2096311bd9c58aa6bd3251ad809b962,1,6915,0xbeae0fd8ccecc76afcc137d89f2b006e8c543c84,62514232,2026-08-07T00:16:08Z
0xbc47bf91e79b85a3a0bdfbbe873233d965e9615a,1,6555,0xbeae0fd8ccecc76afcc137d89f2b006e8c543c84,62514232,2026-08-07T00:16:08Z
0xba6b3efce731022131acb5a63bc043fa12eaead3,1,6733,0xbeae0fd8ccecc76afcc137d89f2b006e8c543c84,62514232,2026-08-07T00:16:08Z
0xb7130b42b8c62e14fd614e91ab9c6c194040d9ab,1,7492,0xbeae0fd8ccecc76afcc137d89f2b006e8c543c84,62514232,2026-08-07T00:16:08Z
0xb41fc65328fa5276ed2d5897114148eec3d0b67c,1,2879,0xbeae0fd8ccecc76afcc137d89f2b006e8c543c84,62514232,2026-08-07T00:16:08Z
0xb3397a6feedff2b9fce9ca1086cb1bdd617c16bf,1,5962,0xbeae0fd8ccecc76afcc137d89f2b006e8c543c84,62514232,2026-08-07T00:16:08Z
0xb336b430c1aef157b8286a6119140d2f7d759cb8,1,101,0xbeae0fd8ccecc76afcc137d89f2b006e8c543c84,62514232,2026-08-07T00:16:08Z
0xb2f60156195b37e3ac7dc2024c66f285392e7b7a,1,6974,0xbeae0fd8ccecc76afcc137d89f2b006e8c543c84,62514232,2026-08-07T00:16:08Z
0xa9c800eef64bd5cdb5abedce7973fc699a393198,1,9962,0xbeae0fd8ccecc76afcc137d89f2b006e8c543c84,62514232,2026-08-07T00:16:08Z
0xa8f53d0ab7fb901e490a40be5a089275fea96cdd,1,1148,0xbeae0fd8ccecc76afcc137d89f2b006e8c543c84,62514232,2026-08-07T00:16:08Z
0xa8422fa95e06aba4ad79c78e57801736c7080587,1,6784,0xbeae0fd8ccecc76afcc137d89f2b006e8c543c84,62514232,2026-08-07T00:16:08Z
0xa69c9219f7f5f2246780d38d10010f129452f7d7,1,3411,0xbeae0fd8ccecc76afcc137d89f2b006e8c543c84,62514232,2026-08-07T00:16:08Z
0xa4bc8e08f7ba01043b2088040255036b57edaf91,1,7345,0xbeae0fd8ccecc76afcc137d89f2b006e8c543c84,62514232,2026-08-07T00:16:08Z
0x9fea145fe56ff52144d8a916501f3e1021d0de6a,1,9691,0xbeae0fd8ccecc76afcc137d89f2b006e8c543c84,62514232,2026-08-07T00:16:08Z
0x9e5a428e91f28e1cbf2e490ef658f7e90d77af13,1,2274,0xbeae0fd8ccecc76afcc137d89f2b006e8c543c84,62514232,2026-08-07T00:16:08Z
0x9d2d124f34fd16f537d803a8b1ef53ca7265b7d0,1,8529,0xbeae0fd8ccecc76afcc137d89f2b006e8c543c84,62514232,2026-08-07T00:16:08Z
0x9cf60474525231da5014cbcb3243b4a310057e8d,1,2434,0xbeae0fd8ccecc76afcc137d89f2b006e8c543c84,62514232,2026-08-07T00:16:08Z
0x9ca2f06c148b6ee694892b8a455400f75c2807a2,1,909,0xbeae0fd8ccecc76afcc137d89f2b006e8c543c84,62514232,2026-08-07T00:16:08Z
0x9bec864d0feae48bb05ccb6d2ee45433be817401,1,6582,0xbeae0fd8ccecc76afcc137d89f2b006e8c543c84,62514232,2026-08-07T00:16:08Z
0x9b90e93848c7d77eb0d8cedf5e80adf1a0341573,1,4777,0xbeae0fd8ccecc76afcc137d89f2b006e8c543c84,62514232,2026-08-07T00:16:08Z
0x9b8d2b8b45074cd027a6ae5e932b94aef4a73cc7,1,1888,0xbeae0fd8ccecc76afcc137d89f2b006e8c543c84,62514232,2026-08-07T00:16:08Z
0x9b5dbe0400d0c44283e8c3367439eb53a167ab17,1,3500,0xbeae0fd8ccecc76afcc137d89f2b006e8c543c84,62514232,2026-08-07T00:16:08Z
0x98e01dab9167f9691dbf05c551d63533afb00566,1,7422,0xbeae0fd8ccecc76afcc137d89f2b006e8c543c84,62514232,2026-08-07T00:16:08Z
0x9599778b45ed159f88477a5f66435b70673d8057,1,7885,0xbeae0fd8ccecc76afcc137d89f2b006e8c543c84,62514232,2026-08-07T00:16:08Z
0x94e6e29f345e6196d3c765e619e26339ccd1622a,1,7050,0xbeae0fd8ccecc76afcc137d89f2b006e8c543c84,62514232,2026-08-07T00:16:08Z
0x93caa458f900120f7270995ad7d1de4b45393755,1,2658,0xbeae0fd8ccecc76afcc137d89f2b006e8c543c84,62514232,2026-08-07T00:16:08Z
0x923f4afc77a7451579ce0e8b0f647426951bf064,1,4033,0xbeae0fd8ccecc76afcc137d89f2b006e8c543c84,62514232,2026-08-07T00:16:08Z
0x91837b7c6f3fe8e42296a7517370bb22389b00b1,1,7620,0xbeae0fd8ccecc76afcc137d89f2b006e8c543c84,62514232,2026-08-07T00:16:08Z
0x8f5a34de0267641941c3a4e4a2e0344cba0e0cc8,1,9383,0xbeae0fd8ccecc76afcc137d89f2b006e8c543c84,62514232,2026-08-07T00:16:08Z
0x8e7c869c3ea55f4701826494cc83d15885c06df6,1,9051,0xbeae0fd8ccecc76afcc137d89f2b006e8c543c84,62514232,2026-08-07T00:16:08Z
0x8d4acab6da2caca4f062a670dd4f0c8af12920be,1,745,0xbeae0fd8ccecc76afcc137d89f2b006e8c543c84,62514232,2026-08-07T00:16:08Z
0x8bbef539c1ed386bac9dbd50b53adc4c58a028fc,1,5612,0xbeae0fd8ccecc76afcc137d89f2b006e8c543c84,62514232,2026-08-07T00:16:08Z
0x8b68314eada9d4ba43c6e585f52a39adefc57839,1,7774,0xbeae0fd8ccecc76afcc137d89f2b006e8c543c84,62514232,2026-08-07T00:16:08Z
0x8a6a34eea0b7c7e30f1014835033f6f101beab53,1,4257,0xbeae0fd8ccecc76afcc137d89f2b006e8c543c84,62514232,2026-08-07T00:16:08Z
0x89571dd7d9fc1e8d88d6e83c2b86e9337160b33f,1,518,0xbeae0fd8ccecc76afcc137d89f2b006e8c543c84,62514232,2026-08-07T00:16:08Z
0x89031998163f1506e315e5f092ab4b50f70777b9,1,5641,0xbeae0fd8ccecc76afcc137d89f2b006e8c543c84,62514232,2026-08-07T00:16:08Z
0x872e2a8581361ff96746d76e7957456f33c8e987,1,21,0xbeae0fd8ccecc76afcc137d89f2b006e8c543c84,62514232,2026-08-07T00:16:08Z
0x86f6064e05399fe8ac60f88fbfc2568580bdde45,1,3437,0xbeae0fd8ccecc76afcc137d89f2b006e8c543c84,62514232,2026-08-07T00:16:08Z
0x832c6ec087b05042e65bce3640915c3ecaccdac8,1,3866,0xbeae0fd8ccecc76afcc137d89f2b006e8c543c84,62514232,2026-08-07T00:16:08Z
0x831e9a5213a776d186858507e6c5bab8703682d5,1,2094,0xbeae0fd8ccecc76afcc137d89f2b006e8c543c84,62514232,2026-08-07T00:16:08Z
0x814542445930a5c4438dd8dced86a17f577b92ab,1,3203,0xbeae0fd8ccecc76afcc137d89f2b006e8c543c84,62514232,2026-08-07T00:16:08Z
0x8123b1f8bffb50284f1712acbc01c48f86d97ff8,1,4921,0xbeae0fd8ccecc76afcc137d89f2b006e8c543c84,62514232,2026-08-07T00:16:08Z
0x7f91b4918ceb5b5d9dce382b227d9bf6ce9f6c45,1,4955,0xbeae0fd8ccecc76afcc137d89f2b006e8c543c84,62514232,2026-08-07T00:16:08Z
0x7f7117a63d422426afbc283cc28c829760688ffd,1,1368,0xbeae0fd8ccecc76afcc137d89f2b006e8c543c84,62514232,2026-08-07T00:16:08Z
0x7e3725ab300dce7f6b47183232e44e538dfdacaa,1,1847,0xbeae0fd8ccecc76afcc137d89f2b006e8c543c84,62514232,2026-08-07T00:16:08Z
0x7e29d2dbebd04f98a0ca037bb4d58008be1d6789,1,784,0xbeae0fd8ccecc76afcc137d89f2b006e8c543c84,62514232,2026-08-07T00:16:08Z
0x7c018ce2e1b7e41e68d1f33a9fabfe9f35263dd4,1,7136,0xbeae0fd8ccecc76afcc137d89f2b006e8c543c84,62514232,2026-08-07T00:16:08Z
0x797597e97e33bbcb62c5a10266adf0586d873b14,1,4258,0xbeae0fd8ccecc76afcc137d89f2b006e8c543c84,62514232,2026-08-07T00:16:08Z
0x78998ff3ebdaff2b05cb3decad5553ba13abbd0c,1,4044,0xbeae0fd8ccecc76afcc137d89f2b006e8c543c84,62514232,2026-08-07T00:16:08Z
0x77d1e1edc224ab7a30f66f57ee309ed94b1a21c7,1,3300,0xbeae0fd8ccecc76afcc137d89f2b006e8c543c84,62514232,2026-08-07T00:16:08Z
0x77bf350a791cf3b166e0f38b41cec390d37d3f63,1,1950,0xbeae0fd8ccecc76afcc137d89f2b006e8c543c84,62514232,2026-08-07T00:16:08Z
0x774c0430f7e2b1744bdc86fefe67b130a0b2d865,1,2923,0xbeae0fd8ccecc76afcc137d89f2b006e8c543c84,62514232,2026-08-07T00:16:08Z
0x745ece084d3e1868e97fcd577106fc5adb7b3800,1,7424,0xbeae0fd8ccecc76afcc137d89f2b006e8c543c84,62514232,2026-08-07T00:16:08Z
0x7403c348dbb783b082149228a79a0d3a6499d282,1,272,0xbeae0fd8ccecc76afcc137d89f2b006e8c543c84,62514232,2026-08-07T00:16:08Z
0x7374d20275c6ace8365fcd149893c70db5818a37,1,7627,0xbeae0fd8ccecc76afcc137d89f2b006e8c543c84,62514232,2026-08-07T00:16:08Z
0x6f12056e2b6c1596f156e9c842af7ae0efb0db46,1,307,0xbeae0fd8ccecc76afcc137d89f2b006e8c543c84,62514232,2026-08-07T00:16:08Z
0x6c7fd35ae6c7fb91d92c445646aad8d85776a32f,1,1246,0xbeae0fd8ccecc76afcc137d89f2b006e8c543c84,62514232,2026-08-07T00:16:08Z
0x6c1b6153a7248110af1159136b8c7c1665c418fe,1,4593,0xbeae0fd8ccecc76afcc137d89f2b006e8c543c84,62514232,2026-08-07T00:16:08Z
0x6bbad4fba4a98ebc27262ce7022df0e21eb4e425,1,1555,0xbeae0fd8ccecc76afcc137d89f2b006e8c543c84,62514232,2026-08-07T00:16:08Z
0x6a2055bcf59555eb73e7722c5523863f81fdfc4a,1,2507,0xbeae0fd8ccecc76afcc137d89f2b006e8c543c84,62514232,2026-08-07T00:16:08Z
0x662a341a1e7c26ce64a27720324468d3cefe8ed4,1,9013,0xbeae0fd8ccecc76afcc137d89f2b006e8c543c84,62514232,2026-08-07T00:16:08Z
0x63243a65fec1d902157dcc8a998571d32d59dedc,1,6017,0xbeae0fd8ccecc76afcc137d89f2b006e8c543c84,62514232,2026-08-07T00:16:08Z
0x62d0af2d97a3f39343d7136864ffd59152213e23,1,4594,0xbeae0fd8ccecc76afcc137d89f2b006e8c543c84,62514232,2026-08-07T00:16:08Z
0x5ee89b71f055102fbe82a993c4364953499f2bc4,1,301,0xbeae0fd8ccecc76afcc137d89f2b006e8c543c84,62514232,2026-08-07T00:16:08Z
0x5e5b217b82ca0714637f0f7b017a0d52b7624b87,1,8111,0xbeae0fd8ccecc76afcc137d89f2b006e8c543c84,62514232,2026-08-07T00:16:08Z
0x5e0096c122ee6d7114b5a0d929e9aedba2a3e570,1,7458,0xbeae0fd8ccecc76afcc137d89f2b006e8c543c84,62514232,2026-08-07T00:16:08Z
0x5c9033d0055bdb37f94e9b18b6633f2f53a9cca5,1,905,0xbeae0fd8ccecc76afcc137d89f2b006e8c543c84,62514232,2026-08-07T00:16:08Z
0x5a2aa88e51ed626d1cc63aff7f8c9e571a6b0115,1,700,0xbeae0fd8ccecc76afcc137d89f2b006e8c543c84,62514232,2026-08-07T00:16:08Z
0x59ce8bd3d875c13be0d128f5b1ecf114a90b6da4,1,2365,0xbeae0fd8ccecc76afcc137d89f2b006e8c543c84,62514232,2026-08-07T00:16:08Z
0x57d0fcf955b5916c2f29c4e189f457b861dd57e4,1,4951,0xbeae0fd8ccecc76afcc137d89f2b006e8c543c84,62514232,2026-08-07T00:16:08Z
0x567e4acf7bdf60429b2210f6d34a087b07e2d656,1,6731,0xbeae0fd8ccecc76afcc137d89f2b006e8c543c84,62514232,2026-08-07T00:16:08Z
0x557f3b2fb6a8e169fb18a2688826720954280b83,1,3221,0xbeae0fd8ccecc76afcc137d89f2b006e8c543c84,62514232,2026-08-07T00:16:08Z
0x544aed5dbe2834fadaba5c9422d3a0b96b61b358,1,7879,0xbeae0fd8ccecc76afcc137d89f2b006e8c543c84,62514232,2026-08-07T00:16:08Z
0x52a72e835ce5bb3d3416e851970e8b367b74522a,1,121,0xbeae0fd8ccecc76afcc137d89f2b006e8c543c84,62514232,2026-08-07T00:16:08Z
0x501dc035f9be53bfd56f9faf683131f7faafb2e4,1,723,0xbeae0fd8ccecc76afcc137d89f2b006e8c543c84,62514232,2026-08-07T00:16:08Z
0x4f41d08c37db4fd2be28de6b1df98447679fbff2,1,9063,0xbeae0fd8ccecc76afcc137d89f2b006e8c543c84,62514232,2026-08-07T00:16:08Z
0x4e06ed60d6824fb7bf145b0311db3405b2a96b39,1,1314,0xbeae0fd8ccecc76afcc137d89f2b006e8c543c84,62514232,2026-08-07T00:16:08Z
0x4b43041e418b16bb7dcf94a09f721cc73574fc04,1,9392,0xbeae0fd8ccecc76afcc137d89f2b006e8c543c84,62514232,2026-08-07T00:16:08Z
0x47ade238cc739dbce060c572e7393467ed6f0c50,1,9835,0xbeae0fd8ccecc76afcc137d89f2b006e8c543c84,62514232,2026-08-07T00:16:08Z
0x47382d1d3095be9a8620ead2ed3720b018d1b5ea,1,9690,0xbeae0fd8ccecc76afcc137d89f2b006e8c543c84,62514232,2026-08-07T00:16:08Z
0x46fb10a863f33629946ea3a1256e065f24534011,1,1425,0xbeae0fd8ccecc76afcc137d89f2b006e8c543c84,62514232,2026-08-07T00:16:08Z
0x44fa0f496787fb6a2cf849946d73d8970822d76b,1,4904,0xbeae0fd8ccecc76afcc137d89f2b006e8c543c84,62514232,2026-08-07T00:16:08Z
0x44a0768fcf9c21828461323947ec4de214511688,1,5360,0xbeae0fd8ccecc76afcc137d89f2b006e8c543c84,62514232,2026-08-07T00:16:08Z
0x443c5b7cfce4f716fcdb1a3a8a11ac690125f01a,1,7065,0xbeae0fd8ccecc76afcc137d89f2b006e8c543c84,62514232,2026-08-07T00:16:08Z
0x40f7431c47612d901bf1a26634bd3784d40c930c,1,704,0xbeae0fd8ccecc76afcc137d89f2b006e8c543c84,62514232,2026-08-07T00:16:08Z
0x40efa548c4443ad60d96138dfead4b7a381b2488,1,4842,0xbeae0fd8ccecc76afcc137d89f2b006e8c543c84,62514232,2026-08-07T00:16:08Z
0x3fef58dece2757b20d64c6bfbf1e782c15909721,1,3454,0xbeae0fd8ccecc76afcc137d89f2b006e8c543c84,62514232,2026-08-07T00:16:08Z
0x3d651e2d837c81ca0ca68f7d39237e6e7354c80f,1,1026,0xbeae0fd8ccecc76afcc137d89f2b006e8c543c84,62514232,2026-08-07T00:16:08Z
0x3ce8a073eb90df5a749c7e75018d6169022f3d3e,1,8297,0xbeae0fd8ccecc76afcc137d89f2b006e8c543c84,62514232,2026-08-07T00:16:08Z
0x36619200dde46e6b0a11f750aff62a1e63fd110f,1,3450,0xbeae0fd8ccecc76afcc137d89f2b006e8c543c84,62514232,2026-08-07T00:16:08Z
0x348a6b248d157830f90e1c4ee4fc9bc264a60f24,1,4771,0xbeae0fd8ccecc76afcc137d89f2b006e8c543c84,62514232,2026-08-07T00:16:08Z
0x339e354161df81dc96eee41c9983869733248acb,1,4760,0xbeae0fd8ccecc76afcc137d89f2b006e8c543c84,62514232,2026-08-07T00:16:08Z
0x3021d2e35d08e738e3a28403d3faa78469bdc477,1,1144,0xbeae0fd8ccecc76afcc137d89f2b006e8c543c84,62514232,2026-08-07T00:16:08Z
0x2e1b81570f0d8826c0e8d70e1060943ea14ac4ff,1,6304,0xbeae0fd8ccecc76afcc137d89f2b006e8c543c84,62514232,2026-08-07T00:16:08Z
0x2ca4117a934daa717cd3f9dbfc2563369dfb0318,1,2438,0xbeae0fd8ccecc76afcc137d89f2b006e8c543c84,62514232,2026-08-07T00:16:08Z
0x2c6d8e5a8577bfc230a36cd1ea6beea632d1c51e,1,4249,0xbeae0fd8ccecc76afcc137d89f2b006e8c543c84,62514232,2026-08-07T00:16:08Z
0x2758a4608f8c661c2d09e1b7b1db6aa3719497dd,1,7548,0xbeae0fd8ccecc76afcc137d89f2b006e8c543c84,62514232,2026-08-07T00:16:08Z
0x274a3b6198b483a5b2af51ebb09de9b1f931caea,1,7351,0xbeae0fd8ccecc76afcc137d89f2b006e8c543c84,62514232,2026-08-07T00:16:08Z
0x25a437767b4668a55b445d96a05afe2acdbd788d,1,298,0xbeae0fd8ccecc76afcc137d89f2b006e8c543c84,62514232,2026-08-07T00:16:08Z
0x237eaff4eb9129bee2ad511a81a5c2668196a079,1,9159,0xbeae0fd8ccecc76afcc137d89f2b006e8c543c84,62514232,2026-08-07T00:16:08Z
0x237b45906a501102dfdd0cdccb1fd3d7b869cf36,1,8181,0xbeae0fd8ccecc76afcc137d89f2b006e8c543c84,62514232,2026-08-07T00:16:08Z
0x20d72284ab7e3ae45947b69bba9814ee4bd7f856,1,1891,0xbeae0fd8ccecc76afcc137d89f2b006e8c543c84,62514232,2026-08-07T00:16:08Z
0x20d2be2972e00d66c2f2591f04dc0e8cfec5aaa9,1,312,0xbeae0fd8ccecc76afcc137d89f2b006e8c543c84,62514232,2026-08-07T00:16:08Z
0x1f836a75248ca00c788d20355a8e4b903a918bcb,1,102,0xbeae0fd8ccecc76afcc137d89f2b006e8c543c84,62514232,2026-08-07T00:16:08Z
0x1c5258640453824f6c738fe9df7a657db51866e4,1,2895,0xbeae0fd8ccecc76afcc137d89f2b006e8c543c84,62514232,2026-08-07T00:16:08Z
0x169469f9246a855a01185259d7f2db43c31cd805,1,6690,0xbeae0fd8ccecc76afcc137d89f2b006e8c543c84,62514232,2026-08-07T00:16:08Z
0x1671c3b19a014a57a7467b9beb50117f2405e193,1,6031,0xbeae0fd8ccecc76afcc137d89f2b006e8c543c84,62514232,2026-08-07T00:16:08Z
0x1634b81565f5bced47858519d7c47fbfdb1ce743,1,4763,0xbeae0fd8ccecc76afcc137d89f2b006e8c543c84,62514232,2026-08-07T00:16:08Z
0x155a8f5490903d69ba7fb23ee2a48df37fa612b5,1,5902,0xbeae0fd8ccecc76afcc137d89f2b006e8c543c84,62514232,2026-08-07T00:16:08Z
0x14cfd6b71163360b2a176ea167c2800b2deb8296,1,7031,0xbeae0fd8ccecc76afcc137d89f2b006e8c543c84,62514232,2026-08-07T00:16:08Z
0x12925db505f685bb543dfebb56b46feae30c40b0,1,8970,0xbeae0fd8ccecc76afcc137d89f2b006e8c543c84,62514232,2026-08-07T00:16:08Z
0x0f1e4d17955a74f7f9a1e8ca2be385416bc4827c,1,5326,0xbeae0fd8ccecc76afcc137d89f2b006e8c543c84,62514232,2026-08-07T00:16:08Z
0x0ce79d6a27d411999b878a2cfe6576f56d762d05,1,71,0xbeae0fd8ccecc76afcc137d89f2b006e8c543c84,62514232,2026-08-07T00:16:08Z
0x0cc9dfe67e8acc9e752bab5b3180e696ab20fef1,1,8090,0xbeae0fd8ccecc76afcc137d89f2b006e8c543c84,62514232,2026-08-07T00:16:08Z
0x0c38066c071ae1a31d9ac11f5c7d11439fe85226,1,2680,0xbeae0fd8ccecc76afcc137d89f2b006e8c543c84,62514232,2026-08-07T00:16:08Z
0x0c0ffaaf6378cc0b4118f2752209a206a046d56e,1,730,0xbeae0fd8ccecc76afcc137d89f2b006e8c543c84,62514232,2026-08-07T00:16:08Z
0x0ae1e4c1f2da93fa0fa6f2de67794fd007871932,1,2607,0xbeae0fd8ccecc76afcc137d89f2b006e8c543c84,62514232,2026-08-07T00:16:08Z
0x06b57d9e43cef0641e4d23453845992397917ad0,1,325,0xbeae0fd8ccecc76afcc137d89f2b006e8c543c84,62514232,2026-08-07T00:16:08Z
0x068d8cf447fde172002382cfc9600208e7c597a7,1,7068,0xbeae0fd8ccecc76afcc137d89f2b006e8c543c84,62514232,2026-08-07T00:16:08Z
0x05e91558ce61a4d45bff9794cbba5d71fdbae914,1,22,0xbeae0fd8ccecc76afcc137d89f2b006e8c543c84,62514232,2026-08-07T00:16:08Z
0x05a13aead76ef4d601ee3675f7c31679970ee0c2,1,7881,0xbeae0fd8ccecc76afcc137d89f2b006e8c543c84,62514232,2026-08-07T00:16:08Z
0x009d2aef6eded4c1543e9a41cc6f864b5ecfb564,1,2907,0xbeae0fd8ccecc76afcc137d89f2b006e8c543c84,62514232,2026-08-07T00:16:08Z
0x000000000000000000000000000000000000dead,1,3011,0xbeae0fd8ccecc76afcc137d89f2b006e8c543c84,62514232,2026-08-07T00:16:08Z
