wallet,nft_count,contract,snapshot_block,snapshot_time
0x57b6bd6fc6f3a0451f68b55daed50cdc3fda33ac,1070,0xb6e6b0167ce72057f6ac28cb5fd836896b4d084e,62513098,2026-08-06T23:38:22Z
0xf27b9704a15ffe47818fd48660d952235e9c39af,553,0xb6e6b0167ce72057f6ac28cb5fd836896b4d084e,62513098,2026-08-06T23:38:22Z
0x712fc6e43bfd2e9a1292343c96a63a5d7862a350,479,0xb6e6b0167ce72057f6ac28cb5fd836896b4d084e,62513098,2026-08-06T23:38:22Z
0xb7130b42b8c62e14fd614e91ab9c6c194040d9ab,434,0xb6e6b0167ce72057f6ac28cb5fd836896b4d084e,62513098,2026-08-06T23:38:22Z
0x6fa6fab1df183a1305e6f0b0d5e925a1bf1f9bd5,431,0xb6e6b0167ce72057f6ac28cb5fd836896b4d084e,62513098,2026-08-06T23:38:22Z
0x912afbb246391440b3b82fa907e44d3125a2a9cb,321,0xb6e6b0167ce72057f6ac28cb5fd836896b4d084e,62513098,2026-08-06T23:38:22Z
0x02a2a4c17fcaceeb2cfbdc855b8614d652dffa17,286,0xb6e6b0167ce72057f6ac28cb5fd836896b4d084e,62513098,2026-08-06T23:38:22Z
0x8a755f40c448666e5a8651adac598d13897a8a88,279,0xb6e6b0167ce72057f6ac28cb5fd836896b4d084e,62513098,2026-08-06T23:38:22Z
0x087de6970b314485f05583317e335fdca117aef8,250,0xb6e6b0167ce72057f6ac28cb5fd836896b4d084e,62513098,2026-08-06T23:38:22Z
0xf5b47799f9c47d7e717664df85825032dabed9ec,221,0xb6e6b0167ce72057f6ac28cb5fd836896b4d084e,62513098,2026-08-06T23:38:22Z
0x92e148fd89519030397f839948a6af6e22dbf4a3,218,0xb6e6b0167ce72057f6ac28cb5fd836896b4d084e,62513098,2026-08-06T23:38:22Z
0x3392a36f514f0963c6ef59a03dc75fff4e956a27,216,0xb6e6b0167ce72057f6ac28cb5fd836896b4d084e,62513098,2026-08-06T23:38:22Z
0x001572011e65a7b08dd0f3c36a07bc235937cabc,187,0xb6e6b0167ce72057f6ac28cb5fd836896b4d084e,62513098,2026-08-06T23:38:22Z
0xef44d53e5738798a5fc678d848085c8f7430c642,174,0xb6e6b0167ce72057f6ac28cb5fd836896b4d084e,62513098,2026-08-06T23:38:22Z
0x3cfe25c739d6bc7f34b39918173579e08cf8017d,173,0xb6e6b0167ce72057f6ac28cb5fd836896b4d084e,62513098,2026-08-06T23:38:22Z
0x04153706cb266b8bf393f24346e84bc7b6a426ef,167,0xb6e6b0167ce72057f6ac28cb5fd836896b4d084e,62513098,2026-08-06T23:38:22Z
0xb8445ca92b6effc2495f14a543e4ba52e0b38aed,163,0xb6e6b0167ce72057f6ac28cb5fd836896b4d084e,62513098,2026-08-06T23:38:22Z
0xa8422fa95e06aba4ad79c78e57801736c7080587,132,0xb6e6b0167ce72057f6ac28cb5fd836896b4d084e,62513098,2026-08-06T23:38:22Z
0x1b6ced2c1be7e3c1f188f8843a7b4b538fdae26a,121,0xb6e6b0167ce72057f6ac28cb5fd836896b4d084e,62513098,2026-08-06T23:38:22Z
0x3e79c89f479824bc24b9ead73eb8c55f322fe963,118,0xb6e6b0167ce72057f6ac28cb5fd836896b4d084e,62513098,2026-08-06T23:38:22Z
0xc6a79af5b74654aaf44526675b0fe7d50098bf98,108,0xb6e6b0167ce72057f6ac28cb5fd836896b4d084e,62513098,2026-08-06T23:38:22Z
0x3640ab91b175f72a83516ff083daa35dc0925166,94,0xb6e6b0167ce72057f6ac28cb5fd836896b4d084e,62513098,2026-08-06T23:38:22Z
0x2af06574c7a44d0744823ee66427408f73c65b69,94,0xb6e6b0167ce72057f6ac28cb5fd836896b4d084e,62513098,2026-08-06T23:38:22Z
0xb61e7f7ea47ad6f2370f206480d224a843ca05c0,92,0xb6e6b0167ce72057f6ac28cb5fd836896b4d084e,62513098,2026-08-06T23:38:22Z
0x4734243f8f97704281b4741a8b3241e04b665560,91,0xb6e6b0167ce72057f6ac28cb5fd836896b4d084e,62513098,2026-08-06T23:38:22Z
0x86f6064e05399fe8ac60f88fbfc2568580bdde45,85,0xb6e6b0167ce72057f6ac28cb5fd836896b4d084e,62513098,2026-08-06T23:38:22Z
0x22f4194f6706e70abaa14ab352d0baa6c7ced24a,77,0xb6e6b0167ce72057f6ac28cb5fd836896b4d084e,62513098,2026-08-06T23:38:22Z
0xe07c1da899698f97924061932634485fb2d8c61f,76,0xb6e6b0167ce72057f6ac28cb5fd836896b4d084e,62513098,2026-08-06T23:38:22Z
0xc1ce096e968b98be8861aff0b7b3772ac7d37d52,73,0xb6e6b0167ce72057f6ac28cb5fd836896b4d084e,62513098,2026-08-06T23:38:22Z
0x03b69ae9423df674eaf396c157a03be9349208f1,70,0xb6e6b0167ce72057f6ac28cb5fd836896b4d084e,62513098,2026-08-06T23:38:22Z
0x1882feb04aa44a9c4d4a8faca9c41b408c3b2ff0,66,0xb6e6b0167ce72057f6ac28cb5fd836896b4d084e,62513098,2026-08-06T23:38:22Z
0x6a944ac40436ac0dae523c5ccc9d308753ad7c44,61,0xb6e6b0167ce72057f6ac28cb5fd836896b4d084e,62513098,2026-08-06T23:38:22Z
0x64fd696beb8486c783cb2242b8c984195ceb3de8,59,0xb6e6b0167ce72057f6ac28cb5fd836896b4d084e,62513098,2026-08-06T23:38:22Z
0x70abdd2fe0ae73d5bb17e28dd38a47018ea41f03,57,0xb6e6b0167ce72057f6ac28cb5fd836896b4d084e,62513098,2026-08-06T23:38:22Z
0xa15bcf6695aa600bd19deafbda74a0e02b225b96,51,0xb6e6b0167ce72057f6ac28cb5fd836896b4d084e,62513098,2026-08-06T23:38:22Z
0x53270d44eee663e509f0b715525703b12c353e30,51,0xb6e6b0167ce72057f6ac28cb5fd836896b4d084e,62513098,2026-08-06T23:38:22Z
0x75326fdb64fcde9ac266eda2a71217b92369bf37,50,0xb6e6b0167ce72057f6ac28cb5fd836896b4d084e,62513098,2026-08-06T23:38:22Z
0x40ba8d39f471678476c4bf97c4b1c5ac2ebe21d2,44,0xb6e6b0167ce72057f6ac28cb5fd836896b4d084e,62513098,2026-08-06T23:38:22Z
0xacc2bb12652ca7e10c055c8cbc28ebfe6c4acd18,41,0xb6e6b0167ce72057f6ac28cb5fd836896b4d084e,62513098,2026-08-06T23:38:22Z
0xdf1aa441efff6b5348ad818c8b6c8a19bb7c1a37,40,0xb6e6b0167ce72057f6ac28cb5fd836896b4d084e,62513098,2026-08-06T23:38:22Z
0x77ae6ae1e19f8693b81ee75517ef45f9aa4a5939,40,0xb6e6b0167ce72057f6ac28cb5fd836896b4d084e,62513098,2026-08-06T23:38:22Z
0xf120a19d1460bcff82e1670842e9dfea9101eed8,39,0xb6e6b0167ce72057f6ac28cb5fd836896b4d084e,62513098,2026-08-06T23:38:22Z
0xe046e97b43bfe688c739012b12606a8963418610,39,0xb6e6b0167ce72057f6ac28cb5fd836896b4d084e,62513098,2026-08-06T23:38:22Z
0x38d090266e867b204a31192aad288c9d36df2f08,39,0xb6e6b0167ce72057f6ac28cb5fd836896b4d084e,62513098,2026-08-06T23:38:22Z
0xdab1197c16f54602cf718d4745709da5cdfc1c56,37,0xb6e6b0167ce72057f6ac28cb5fd836896b4d084e,62513098,2026-08-06T23:38:22Z
0x2c3311bbf93300a199eb7ae6777ab24fc651e946,37,0xb6e6b0167ce72057f6ac28cb5fd836896b4d084e,62513098,2026-08-06T23:38:22Z
0xfaef2e43312cdc0fda01d021cb2220e7a5158e95,36,0xb6e6b0167ce72057f6ac28cb5fd836896b4d084e,62513098,2026-08-06T23:38:22Z
0xca865e5104ea76ca36430de4d5a75a229318643e,36,0xb6e6b0167ce72057f6ac28cb5fd836896b4d084e,62513098,2026-08-06T23:38:22Z
0x41c2e78b8cd38e55086009cecc4a5611b2ad2b12,36,0xb6e6b0167ce72057f6ac28cb5fd836896b4d084e,62513098,2026-08-06T23:38:22Z
0x54958e45006634af09a2a937b3aaf93f8e6eadcd,35,0xb6e6b0167ce72057f6ac28cb5fd836896b4d084e,62513098,2026-08-06T23:38:22Z
0x5111628cdf68bd27cad7e973474ecd3cc08d5f21,31,0xb6e6b0167ce72057f6ac28cb5fd836896b4d084e,62513098,2026-08-06T23:38:22Z
0xdf53adbc2fea827c3ea675d3122bec89ccbc1af4,30,0xb6e6b0167ce72057f6ac28cb5fd836896b4d084e,62513098,2026-08-06T23:38:22Z
0x68fefd3b97ce90f29cef1daaad9a8d18b2fd7223,30,0xb6e6b0167ce72057f6ac28cb5fd836896b4d084e,62513098,2026-08-06T23:38:22Z
0x0144d10b6b9d90fef7d139e9693eac9f55e344ed,30,0xb6e6b0167ce72057f6ac28cb5fd836896b4d084e,62513098,2026-08-06T23:38:22Z
0xafe7b58fc2f907d641aca4c7cf6836456e7d86e1,28,0xb6e6b0167ce72057f6ac28cb5fd836896b4d084e,62513098,2026-08-06T23:38:22Z
0xa36f7566e457a9d9a9b1fb6b392ac62bdca8da49,28,0xb6e6b0167ce72057f6ac28cb5fd836896b4d084e,62513098,2026-08-06T23:38:22Z
0x83594c408a23d610e6fe3413c316d0b28d69c25c,28,0xb6e6b0167ce72057f6ac28cb5fd836896b4d084e,62513098,2026-08-06T23:38:22Z
0x772e4dd9509e20aa8a575023b5b6e33a114db74a,28,0xb6e6b0167ce72057f6ac28cb5fd836896b4d084e,62513098,2026-08-06T23:38:22Z
0x6ea81f61ae869fd116a50a271eb3663024299889,28,0xb6e6b0167ce72057f6ac28cb5fd836896b4d084e,62513098,2026-08-06T23:38:22Z
0xf7c72685cc11e8a6202627ac72496ebdfe7046fe,27,0xb6e6b0167ce72057f6ac28cb5fd836896b4d084e,62513098,2026-08-06T23:38:22Z
0xf232078eda309b725b8fadf39ad48bb4f265bd17,26,0xb6e6b0167ce72057f6ac28cb5fd836896b4d084e,62513098,2026-08-06T23:38:22Z
0xcc4fe4e44bd798234762feb0d17e1cab72a4d6cd,26,0xb6e6b0167ce72057f6ac28cb5fd836896b4d084e,62513098,2026-08-06T23:38:22Z
0x52909543c4c7141cb8e0cf1de6bc4936037cf8c6,26,0xb6e6b0167ce72057f6ac28cb5fd836896b4d084e,62513098,2026-08-06T23:38:22Z
0xbb50446bdbc7e0df29df1630eda5908b41259ba3,25,0xb6e6b0167ce72057f6ac28cb5fd836896b4d084e,62513098,2026-08-06T23:38:22Z
0x12dcac295bb6a71f1c4b277fb59c1f058508a776,25,0xb6e6b0167ce72057f6ac28cb5fd836896b4d084e,62513098,2026-08-06T23:38:22Z
0x951657c29283b8c64b434260413012723a7b67b1,24,0xb6e6b0167ce72057f6ac28cb5fd836896b4d084e,62513098,2026-08-06T23:38:22Z
0x90f6c51d78b7d52ce96ff3d4806110cc53000f85,24,0xb6e6b0167ce72057f6ac28cb5fd836896b4d084e,62513098,2026-08-06T23:38:22Z
0x54a62bb1953573d6cfb3468aebf4c1e5320e26ad,24,0xb6e6b0167ce72057f6ac28cb5fd836896b4d084e,62513098,2026-08-06T23:38:22Z
0xe74c24df17f371a57134f04204b6529a05515d1d,23,0xb6e6b0167ce72057f6ac28cb5fd836896b4d084e,62513098,2026-08-06T23:38:22Z
0xdf2a7e219187d8ab6cd2322123729fadbb031bcd,23,0xb6e6b0167ce72057f6ac28cb5fd836896b4d084e,62513098,2026-08-06T23:38:22Z
0xbf3e72401784b3b743697850f5a5448ce040fbef,23,0xb6e6b0167ce72057f6ac28cb5fd836896b4d084e,62513098,2026-08-06T23:38:22Z
0x92bc60bb712444aeacb635cdae28d741a6f51733,23,0xb6e6b0167ce72057f6ac28cb5fd836896b4d084e,62513098,2026-08-06T23:38:22Z
0x67d00ff8b1769c6e4d385cd965afe3a64612988e,23,0xb6e6b0167ce72057f6ac28cb5fd836896b4d084e,62513098,2026-08-06T23:38:22Z
0x04f412125524773291b522259d33755d4800acaf,23,0xb6e6b0167ce72057f6ac28cb5fd836896b4d084e,62513098,2026-08-06T23:38:22Z
0x6b380062985b1b5283ef2ed8d7b061d89fde64ff,22,0xb6e6b0167ce72057f6ac28cb5fd836896b4d084e,62513098,2026-08-06T23:38:22Z
0x4228cf40f19122bbcb5abf082653878971182fa7,22,0xb6e6b0167ce72057f6ac28cb5fd836896b4d084e,62513098,2026-08-06T23:38:22Z
0x2b80b4ee307a905aea8d11e2a941ce03c7d3fcb5,22,0xb6e6b0167ce72057f6ac28cb5fd836896b4d084e,62513098,2026-08-06T23:38:22Z
0xc44edb0fbd76e895aa5391e032bf9926afe3a5b5,21,0xb6e6b0167ce72057f6ac28cb5fd836896b4d084e,62513098,2026-08-06T23:38:22Z
0x00a883ec9685b5b8927ad7feb3d8f1123ed89f46,21,0xb6e6b0167ce72057f6ac28cb5fd836896b4d084e,62513098,2026-08-06T23:38:22Z
0xedd5e266ea99e5808f8c3c67b82b8a08c20411e9,20,0xb6e6b0167ce72057f6ac28cb5fd836896b4d084e,62513098,2026-08-06T23:38:22Z
0xe116d5f4ccd817e93a4827b4b1166fb3fa61bec5,20,0xb6e6b0167ce72057f6ac28cb5fd836896b4d084e,62513098,2026-08-06T23:38:22Z
0xb1bb6ffb3dc3c099c55f23697a653851e44f5c4e,20,0xb6e6b0167ce72057f6ac28cb5fd836896b4d084e,62513098,2026-08-06T23:38:22Z
0x4e06ed60d6824fb7bf145b0311db3405b2a96b39,20,0xb6e6b0167ce72057f6ac28cb5fd836896b4d084e,62513098,2026-08-06T23:38:22Z
0xa0e04428079f0be16cd23925b147b9f7e31575a1,19,0xb6e6b0167ce72057f6ac28cb5fd836896b4d084e,62513098,2026-08-06T23:38:22Z
0xed83ad196bf5905f1cf0dbf9648f3b9303788f95,18,0xb6e6b0167ce72057f6ac28cb5fd836896b4d084e,62513098,2026-08-06T23:38:22Z
0xe747e5f8691257141b1f4568e65a6fa122ecc299,18,0xb6e6b0167ce72057f6ac28cb5fd836896b4d084e,62513098,2026-08-06T23:38:22Z
0xd88b62f91a492df468315d684ec2e454320b0586,18,0xb6e6b0167ce72057f6ac28cb5fd836896b4d084e,62513098,2026-08-06T23:38:22Z
0x09495fa710dd218d520188e352f4d7b3d37a9915,18,0xb6e6b0167ce72057f6ac28cb5fd836896b4d084e,62513098,2026-08-06T23:38:22Z
0xabe465c13ebd03911087bb32a32cc75499d8103c,17,0xb6e6b0167ce72057f6ac28cb5fd836896b4d084e,62513098,2026-08-06T23:38:22Z
0x9f13a6ae7d3f5f7ee5cc232d398f543acf078f26,17,0xb6e6b0167ce72057f6ac28cb5fd836896b4d084e,62513098,2026-08-06T23:38:22Z
0xd0c7bece727a8894f750919078505f83348a045b,16,0xb6e6b0167ce72057f6ac28cb5fd836896b4d084e,62513098,2026-08-06T23:38:22Z
0xbc37c2d16d28fd721bf66b96bf41fbe2f2e609c8,16,0xb6e6b0167ce72057f6ac28cb5fd836896b4d084e,62513098,2026-08-06T23:38:22Z
0x8f7c5257e5000204d0fb9500e91865718489aa34,16,0xb6e6b0167ce72057f6ac28cb5fd836896b4d084e,62513098,2026-08-06T23:38:22Z
0x4f7127dcdbae7077eebeb0e09ec6f5a60436ed0d,16,0xb6e6b0167ce72057f6ac28cb5fd836896b4d084e,62513098,2026-08-06T23:38:22Z
0xc660cbf38011007f975744df85fc591c194d17c3,15,0xb6e6b0167ce72057f6ac28cb5fd836896b4d084e,62513098,2026-08-06T23:38:22Z
0xa1e0a34ad57f6d2d34ae4bf4b6faf4692907786d,15,0xb6e6b0167ce72057f6ac28cb5fd836896b4d084e,62513098,2026-08-06T23:38:22Z
0x3b202fe73a4932381aa05e94b6a95fd08174e0ed,15,0xb6e6b0167ce72057f6ac28cb5fd836896b4d084e,62513098,2026-08-06T23:38:22Z
0x37df0e34dc942d2ab60206748fb101fa51fd7992,15,0xb6e6b0167ce72057f6ac28cb5fd836896b4d084e,62513098,2026-08-06T23:38:22Z
0xf265f377b38b3cd8c744aa6e863f62a1b51e6523,14,0xb6e6b0167ce72057f6ac28cb5fd836896b4d084e,62513098,2026-08-06T23:38:22Z
0x9c8c6d68ed26b6ba1fffef2f9725331d4846ed80,14,0xb6e6b0167ce72057f6ac28cb5fd836896b4d084e,62513098,2026-08-06T23:38:22Z
0xf21598128dfb55597a29b682211621dbc7d881e7,13,0xb6e6b0167ce72057f6ac28cb5fd836896b4d084e,62513098,2026-08-06T23:38:22Z
0xe4844650813b90aa6058178d4c7b2758671f6fe7,13,0xb6e6b0167ce72057f6ac28cb5fd836896b4d084e,62513098,2026-08-06T23:38:22Z
0xa9d85575efed45ed034e65ec6636b38118252375,13,0xb6e6b0167ce72057f6ac28cb5fd836896b4d084e,62513098,2026-08-06T23:38:22Z
0x862ae7e7ca3e0c0019f3945061632ff2fc4b4702,13,0xb6e6b0167ce72057f6ac28cb5fd836896b4d084e,62513098,2026-08-06T23:38:22Z
0x6043224abb23de31220ac7f07892a585190b009f,13,0xb6e6b0167ce72057f6ac28cb5fd836896b4d084e,62513098,2026-08-06T23:38:22Z
0x5c969e4fed924dbce673325e982601e838afc5f6,13,0xb6e6b0167ce72057f6ac28cb5fd836896b4d084e,62513098,2026-08-06T23:38:22Z
0xe20f75642b97c11af651a81afcbbc6d7b4e32981,12,0xb6e6b0167ce72057f6ac28cb5fd836896b4d084e,62513098,2026-08-06T23:38:22Z
0xd9941edfe4549bdd784d6c65e527a9c2e8b43bfa,12,0xb6e6b0167ce72057f6ac28cb5fd836896b4d084e,62513098,2026-08-06T23:38:22Z
0xb0f5922d766934a81c337ac472f815f90b2ee53f,12,0xb6e6b0167ce72057f6ac28cb5fd836896b4d084e,62513098,2026-08-06T23:38:22Z
0x9212e88750a88b8000668b8785513e5b34dd1c82,12,0xb6e6b0167ce72057f6ac28cb5fd836896b4d084e,62513098,2026-08-06T23:38:22Z
0x8e7c869c3ea55f4701826494cc83d15885c06df6,12,0xb6e6b0167ce72057f6ac28cb5fd836896b4d084e,62513098,2026-08-06T23:38:22Z
0x8d8a668f39df525045cdeae09f87c9430d1c20e8,12,0xb6e6b0167ce72057f6ac28cb5fd836896b4d084e,62513098,2026-08-06T23:38:22Z
0x829b41e961125d92833e027edd871d20238689f1,12,0xb6e6b0167ce72057f6ac28cb5fd836896b4d084e,62513098,2026-08-06T23:38:22Z
0x4842cff7fe50b5855e3558d1fb52685ea2202662,12,0xb6e6b0167ce72057f6ac28cb5fd836896b4d084e,62513098,2026-08-06T23:38:22Z
0xff3dae5a61f57498f98261574a19e334a55bd48a,11,0xb6e6b0167ce72057f6ac28cb5fd836896b4d084e,62513098,2026-08-06T23:38:22Z
0xec40fd8955bcc49e09f0b77fd1b0631f07007c18,11,0xb6e6b0167ce72057f6ac28cb5fd836896b4d084e,62513098,2026-08-06T23:38:22Z
0xbdf8ec4824b4c226f2fc40b8ff966aa6aa4d9812,11,0xb6e6b0167ce72057f6ac28cb5fd836896b4d084e,62513098,2026-08-06T23:38:22Z
0x765e2863fa5624292e0bba1dcf32a9b4b0c5aee5,11,0xb6e6b0167ce72057f6ac28cb5fd836896b4d084e,62513098,2026-08-06T23:38:22Z
0x4db1e2ed58b073223a2c21b098e95774fde1bcf5,11,0xb6e6b0167ce72057f6ac28cb5fd836896b4d084e,62513098,2026-08-06T23:38:22Z
0x1bcfed06582ddeed361c837ba3140b8a61aec663,11,0xb6e6b0167ce72057f6ac28cb5fd836896b4d084e,62513098,2026-08-06T23:38:22Z
0xefdb19893c3d270c5ea4563e7cfd17a8b69517b4,10,0xb6e6b0167ce72057f6ac28cb5fd836896b4d084e,62513098,2026-08-06T23:38:22Z
0xc15c37148a561ac8a475f75e71195ca20b910922,10,0xb6e6b0167ce72057f6ac28cb5fd836896b4d084e,62513098,2026-08-06T23:38:22Z
0xade2f05f53c22a1fdb0b399398a2f1f7a773f59f,10,0xb6e6b0167ce72057f6ac28cb5fd836896b4d084e,62513098,2026-08-06T23:38:22Z
0x9e7953dea78bc0a3cf48f155f0a4b779df3dcaf3,10,0xb6e6b0167ce72057f6ac28cb5fd836896b4d084e,62513098,2026-08-06T23:38:22Z
0x901a07f3578d94564139408703585789a1bdf8c4,10,0xb6e6b0167ce72057f6ac28cb5fd836896b4d084e,62513098,2026-08-06T23:38:22Z
0x81de381fa4b91bc6e36be3e31483fefaba6b1b0a,10,0xb6e6b0167ce72057f6ac28cb5fd836896b4d084e,62513098,2026-08-06T23:38:22Z
0x66fdca9133e7c826db52b86c98e0ee06e3535dc9,10,0xb6e6b0167ce72057f6ac28cb5fd836896b4d084e,62513098,2026-08-06T23:38:22Z
0x6249a9c03b148acd773d806a50e1aa983e34be0f,10,0xb6e6b0167ce72057f6ac28cb5fd836896b4d084e,62513098,2026-08-06T23:38:22Z
0x60ecffcd16b527bf77e6c6d2b02bc5b127123dbe,10,0xb6e6b0167ce72057f6ac28cb5fd836896b4d084e,62513098,2026-08-06T23:38:22Z
0x5b46e5ce03f2dbbcd1f5099690bb93e83b6f2996,10,0xb6e6b0167ce72057f6ac28cb5fd836896b4d084e,62513098,2026-08-06T23:38:22Z
0x3b3902cb7dd2b216c56858903d7666299ed91aef,10,0xb6e6b0167ce72057f6ac28cb5fd836896b4d084e,62513098,2026-08-06T23:38:22Z
0x2bac1f1db5781aa52146345158285d0ee9ac9213,10,0xb6e6b0167ce72057f6ac28cb5fd836896b4d084e,62513098,2026-08-06T23:38:22Z
0xbeb26afe641a88da9ddf1b152d240ca5917839bc,9,0xb6e6b0167ce72057f6ac28cb5fd836896b4d084e,62513098,2026-08-06T23:38:22Z
0xbc8c677153f10643ada3dd8578aee301bbe2d032,9,0xb6e6b0167ce72057f6ac28cb5fd836896b4d084e,62513098,2026-08-06T23:38:22Z
0x73dd8c8e761de39d7781a6ea53f6723a77fb33bf,9,0xb6e6b0167ce72057f6ac28cb5fd836896b4d084e,62513098,2026-08-06T23:38:22Z
0xae5e6a9998b031b3898535849baedb82225233e4,8,0xb6e6b0167ce72057f6ac28cb5fd836896b4d084e,62513098,2026-08-06T23:38:22Z
0x8be23edd6c45687ee588cf6e38489db2cfc4ca3c,8,0xb6e6b0167ce72057f6ac28cb5fd836896b4d084e,62513098,2026-08-06T23:38:22Z
0x57721412e570ab10bee33721977bc97d0d4d1822,8,0xb6e6b0167ce72057f6ac28cb5fd836896b4d084e,62513098,2026-08-06T23:38:22Z
0x4afd061138fcaa500bf54a5a78d67afbcc2e0722,8,0xb6e6b0167ce72057f6ac28cb5fd836896b4d084e,62513098,2026-08-06T23:38:22Z
0x0b4fb1056b4e8cf525f392171031b3eda4217e63,8,0xb6e6b0167ce72057f6ac28cb5fd836896b4d084e,62513098,2026-08-06T23:38:22Z
0xc6e146d0fbd591efff4d5fbf24ada028c3cfafcd,7,0xb6e6b0167ce72057f6ac28cb5fd836896b4d084e,62513098,2026-08-06T23:38:22Z
0x808793b2d1a33b349baeeab79e5613b050864b1c,7,0xb6e6b0167ce72057f6ac28cb5fd836896b4d084e,62513098,2026-08-06T23:38:22Z
0x36619200dde46e6b0a11f750aff62a1e63fd110f,7,0xb6e6b0167ce72057f6ac28cb5fd836896b4d084e,62513098,2026-08-06T23:38:22Z
0x236d557a9f6dfc7fcfb1a2610314182227530d70,7,0xb6e6b0167ce72057f6ac28cb5fd836896b4d084e,62513098,2026-08-06T23:38:22Z
0x1601973e782c5073131bf032b43dbe80078a2d65,7,0xb6e6b0167ce72057f6ac28cb5fd836896b4d084e,62513098,2026-08-06T23:38:22Z
0x072d1485c8fee948ff35550ba36f9072b75ba029,7,0xb6e6b0167ce72057f6ac28cb5fd836896b4d084e,62513098,2026-08-06T23:38:22Z
0x0383b9f731d90be4e107866043f5f09cf958cac2,7,0xb6e6b0167ce72057f6ac28cb5fd836896b4d084e,62513098,2026-08-06T23:38:22Z
0xe0f4490938d2ed194cb330b4a3781f69bf733541,6,0xb6e6b0167ce72057f6ac28cb5fd836896b4d084e,62513098,2026-08-06T23:38:22Z
0xda3c8f4b9adcf9f3d0cf631233e6c0dbd90cd849,6,0xb6e6b0167ce72057f6ac28cb5fd836896b4d084e,62513098,2026-08-06T23:38:22Z
0x7a3446b8cc15448f1d6d861d8c56bbb5a9d86434,6,0xb6e6b0167ce72057f6ac28cb5fd836896b4d084e,62513098,2026-08-06T23:38:22Z
0x6245c0137b291ec901665ca38e02fffee55f7bd1,6,0xb6e6b0167ce72057f6ac28cb5fd836896b4d084e,62513098,2026-08-06T23:38:22Z
0x425587e5beee6dab96b0546332f62c8e79a6b4cb,6,0xb6e6b0167ce72057f6ac28cb5fd836896b4d084e,62513098,2026-08-06T23:38:22Z
0x3d5486e6aa7225ccc7bfc4a58d71d7a1f2dd1418,6,0xb6e6b0167ce72057f6ac28cb5fd836896b4d084e,62513098,2026-08-06T23:38:22Z
0x1ea65299590650a3dd97d55d87a410e5782d2399,6,0xb6e6b0167ce72057f6ac28cb5fd836896b4d084e,62513098,2026-08-06T23:38:22Z
0x11cb4893732ae01aa0f753b6d5a42454b08e4114,6,0xb6e6b0167ce72057f6ac28cb5fd836896b4d084e,62513098,2026-08-06T23:38:22Z
0xcffe06d3cf0908c2452e7c336feec507d5afd41d,5,0xb6e6b0167ce72057f6ac28cb5fd836896b4d084e,62513098,2026-08-06T23:38:22Z
0xc8b806eaf62dbed134ee918f8beb9244182eed45,5,0xb6e6b0167ce72057f6ac28cb5fd836896b4d084e,62513098,2026-08-06T23:38:22Z
0xc3167235ef7f9811b0d80dfca76e3e58788dae2c,5,0xb6e6b0167ce72057f6ac28cb5fd836896b4d084e,62513098,2026-08-06T23:38:22Z
0xbb7f66aaf0ac1fd5001de8a20fe2f3d8139c4817,5,0xb6e6b0167ce72057f6ac28cb5fd836896b4d084e,62513098,2026-08-06T23:38:22Z
0xb809e3a36b1a7a7424517282d1b93bcbc9269ce5,5,0xb6e6b0167ce72057f6ac28cb5fd836896b4d084e,62513098,2026-08-06T23:38:22Z
0xa86de09c366626f1d0ffb0e7a85173e94e7bc7ed,5,0xb6e6b0167ce72057f6ac28cb5fd836896b4d084e,62513098,2026-08-06T23:38:22Z
0xa4b5fd715855189212a83ce4961dd946809c2cc7,5,0xb6e6b0167ce72057f6ac28cb5fd836896b4d084e,62513098,2026-08-06T23:38:22Z
0xa4526f1dab261b2b1e9193ca6202f3d29df0b58d,5,0xb6e6b0167ce72057f6ac28cb5fd836896b4d084e,62513098,2026-08-06T23:38:22Z
0x91f9f56545081e1ae79ec08c104aebdb2f50480c,5,0xb6e6b0167ce72057f6ac28cb5fd836896b4d084e,62513098,2026-08-06T23:38:22Z
0x8715edf5e4c761910df449f1afcf07691ce14fe9,5,0xb6e6b0167ce72057f6ac28cb5fd836896b4d084e,62513098,2026-08-06T23:38:22Z
0x8454c7386bba011b20bd9e9548c4d5450085ac44,5,0xb6e6b0167ce72057f6ac28cb5fd836896b4d084e,62513098,2026-08-06T23:38:22Z
0x8127a3faadaa9c6cf4ddfd855681919a39787ba2,5,0xb6e6b0167ce72057f6ac28cb5fd836896b4d084e,62513098,2026-08-06T23:38:22Z
0x74ff926d8dc46984b09c9c11247bed8dc2b60b73,5,0xb6e6b0167ce72057f6ac28cb5fd836896b4d084e,62513098,2026-08-06T23:38:22Z
0x59bbcf3329bc8abe7bc33d834af39befc07ff69a,5,0xb6e6b0167ce72057f6ac28cb5fd836896b4d084e,62513098,2026-08-06T23:38:22Z
0x21eabdeb722271a30c78f74b7de776215ad26040,5,0xb6e6b0167ce72057f6ac28cb5fd836896b4d084e,62513098,2026-08-06T23:38:22Z
0x18339ce4dcd270a98eedaf69143b0daca551cfdd,5,0xb6e6b0167ce72057f6ac28cb5fd836896b4d084e,62513098,2026-08-06T23:38:22Z
0x16d20fcca26b5258acf4e635a2c96ab56b88eec7,5,0xb6e6b0167ce72057f6ac28cb5fd836896b4d084e,62513098,2026-08-06T23:38:22Z
0x10a19adbc801cfb07f4ac1217bdf3a6b74bc5eba,5,0xb6e6b0167ce72057f6ac28cb5fd836896b4d084e,62513098,2026-08-06T23:38:22Z
0xf3950d5135569736f306830ee582e9d357ae521c,4,0xb6e6b0167ce72057f6ac28cb5fd836896b4d084e,62513098,2026-08-06T23:38:22Z
0xe7a61c44e4ab623813341bcfd5869ae7357e10d6,4,0xb6e6b0167ce72057f6ac28cb5fd836896b4d084e,62513098,2026-08-06T23:38:22Z
0xddf8da887a1d5c07d05a948856b79dab091efc78,4,0xb6e6b0167ce72057f6ac28cb5fd836896b4d084e,62513098,2026-08-06T23:38:22Z
0xd2768183eac450c8b2512ebfaece0a530561d3f8,4,0xb6e6b0167ce72057f6ac28cb5fd836896b4d084e,62513098,2026-08-06T23:38:22Z
0xce0a9b5ff0440f85641f1cd0a9d4b0c25e9e846d,4,0xb6e6b0167ce72057f6ac28cb5fd836896b4d084e,62513098,2026-08-06T23:38:22Z
0xa6d2bb016b1f4ed5698dbe035af9b9499702c653,4,0xb6e6b0167ce72057f6ac28cb5fd836896b4d084e,62513098,2026-08-06T23:38:22Z
0x9d2d412d89b687efa5313a329a6264102deb2c48,4,0xb6e6b0167ce72057f6ac28cb5fd836896b4d084e,62513098,2026-08-06T23:38:22Z
0x7ebb56f9c90f930cf3d76e2f0f7a10c7c4db30e8,4,0xb6e6b0167ce72057f6ac28cb5fd836896b4d084e,62513098,2026-08-06T23:38:22Z
0x76ebe734fd1cc46fefcf9e0bdb346cf16446ecbe,4,0xb6e6b0167ce72057f6ac28cb5fd836896b4d084e,62513098,2026-08-06T23:38:22Z
0x73a7d216db8d609223a66b877c3ff2dcdf45f014,4,0xb6e6b0167ce72057f6ac28cb5fd836896b4d084e,62513098,2026-08-06T23:38:22Z
0x360d4f43f35cccb2e86788a28cbcfb342cdebaf7,4,0xb6e6b0167ce72057f6ac28cb5fd836896b4d084e,62513098,2026-08-06T23:38:22Z
0x32c6a0b3c80c90971ea6413383f3b759a48e3684,4,0xb6e6b0167ce72057f6ac28cb5fd836896b4d084e,62513098,2026-08-06T23:38:22Z
0x2a9ee5f31d03c2756b7ad52635ef046ab9177f0e,4,0xb6e6b0167ce72057f6ac28cb5fd836896b4d084e,62513098,2026-08-06T23:38:22Z
0x1ab80d176f8591b85f22ba0aedce23c3b1e4a943,4,0xb6e6b0167ce72057f6ac28cb5fd836896b4d084e,62513098,2026-08-06T23:38:22Z
0x06e1f185ca7dab7c355ee578794e534b8ca6c565,4,0xb6e6b0167ce72057f6ac28cb5fd836896b4d084e,62513098,2026-08-06T23:38:22Z
0x0608037fd563fa0d159adb934ffc9035df56fb88,4,0xb6e6b0167ce72057f6ac28cb5fd836896b4d084e,62513098,2026-08-06T23:38:22Z
0xfeeede280dc6b77f0591afdb5b2fd266eb648759,3,0xb6e6b0167ce72057f6ac28cb5fd836896b4d084e,62513098,2026-08-06T23:38:22Z
0xe6a7491d8e1b340418d18867376c946706b01c55,3,0xb6e6b0167ce72057f6ac28cb5fd836896b4d084e,62513098,2026-08-06T23:38:22Z
0xe2a07147b3d18414fcf59ed4a63f4918dd34e59c,3,0xb6e6b0167ce72057f6ac28cb5fd836896b4d084e,62513098,2026-08-06T23:38:22Z
0xdf788d3448dfa8d6f3fcad7ef94463740b472310,3,0xb6e6b0167ce72057f6ac28cb5fd836896b4d084e,62513098,2026-08-06T23:38:22Z
0xd7af4f435006687c5a2d6835b1534bcc79aa7431,3,0xb6e6b0167ce72057f6ac28cb5fd836896b4d084e,62513098,2026-08-06T23:38:22Z
0xd0e3c405b4d7f5ff586e529f0ea4fe8925cdd778,3,0xb6e6b0167ce72057f6ac28cb5fd836896b4d084e,62513098,2026-08-06T23:38:22Z
0xc928620f0aae35374794729c3e89d02ecc9facf2,3,0xb6e6b0167ce72057f6ac28cb5fd836896b4d084e,62513098,2026-08-06T23:38:22Z
0xc8d8d70173f00d738c66b08c01a4b0deda09dcb9,3,0xb6e6b0167ce72057f6ac28cb5fd836896b4d084e,62513098,2026-08-06T23:38:22Z
0xba63309d94b4cb4436f495b34c02994c953bffe1,3,0xb6e6b0167ce72057f6ac28cb5fd836896b4d084e,62513098,2026-08-06T23:38:22Z
0xb6b6934b062888ecb9efef594d61ffa83588cdff,3,0xb6e6b0167ce72057f6ac28cb5fd836896b4d084e,62513098,2026-08-06T23:38:22Z
0xb5ca724cf2680c24226fad2a37b71cb342373b7e,3,0xb6e6b0167ce72057f6ac28cb5fd836896b4d084e,62513098,2026-08-06T23:38:22Z
0xa649a7b78071da654e677cd4bb7a55949911a483,3,0xb6e6b0167ce72057f6ac28cb5fd836896b4d084e,62513098,2026-08-06T23:38:22Z
0x9d944fabffe6d849370d1c1db2f453a5e280096c,3,0xb6e6b0167ce72057f6ac28cb5fd836896b4d084e,62513098,2026-08-06T23:38:22Z
0x9bb4aa84330080a7876c9b41e47540f7e8ae642c,3,0xb6e6b0167ce72057f6ac28cb5fd836896b4d084e,62513098,2026-08-06T23:38:22Z
0x95e343297bf06616a43511a345294f7fac2ce7b9,3,0xb6e6b0167ce72057f6ac28cb5fd836896b4d084e,62513098,2026-08-06T23:38:22Z
0x73ebd55f0258aad5edbac1f9ddff29259bd7e9ef,3,0xb6e6b0167ce72057f6ac28cb5fd836896b4d084e,62513098,2026-08-06T23:38:22Z
0x73753ce873eed6423d5bbd4c20aa97ac261072e4,3,0xb6e6b0167ce72057f6ac28cb5fd836896b4d084e,62513098,2026-08-06T23:38:22Z
0x705687b4427ff9e6764d257272e7d854d323875f,3,0xb6e6b0167ce72057f6ac28cb5fd836896b4d084e,62513098,2026-08-06T23:38:22Z
0x6d6076be88ad97a4a4e60c385b9e7b5bf8969fca,3,0xb6e6b0167ce72057f6ac28cb5fd836896b4d084e,62513098,2026-08-06T23:38:22Z
0x6c97ca5a42528f4ef70b211b2b0cce3f17e688c6,3,0xb6e6b0167ce72057f6ac28cb5fd836896b4d084e,62513098,2026-08-06T23:38:22Z
0x6bbf45b1ee94a0f8c064af8ad7912edc2a255a7b,3,0xb6e6b0167ce72057f6ac28cb5fd836896b4d084e,62513098,2026-08-06T23:38:22Z
0x6a8190fda28a4cdbbbb78e02b575ef01247af123,3,0xb6e6b0167ce72057f6ac28cb5fd836896b4d084e,62513098,2026-08-06T23:38:22Z
0x67e2b5fa240f2d6c93dff732e169eb20c0aa7c21,3,0xb6e6b0167ce72057f6ac28cb5fd836896b4d084e,62513098,2026-08-06T23:38:22Z
0x67998fcd1cde0373087aef24260a757295e1573b,3,0xb6e6b0167ce72057f6ac28cb5fd836896b4d084e,62513098,2026-08-06T23:38:22Z
0x604de5c8470e863bdf33b3ab6a8da6be7b266baf,3,0xb6e6b0167ce72057f6ac28cb5fd836896b4d084e,62513098,2026-08-06T23:38:22Z
0x5dac538a39ec468550111b5049bcc26ccead393a,3,0xb6e6b0167ce72057f6ac28cb5fd836896b4d084e,62513098,2026-08-06T23:38:22Z
0x4d7599644ba181f8c8d9f1a441b89707654e5cc3,3,0xb6e6b0167ce72057f6ac28cb5fd836896b4d084e,62513098,2026-08-06T23:38:22Z
0x462ebdf79ab64c9f35995b6444cd9123271295d0,3,0xb6e6b0167ce72057f6ac28cb5fd836896b4d084e,62513098,2026-08-06T23:38:22Z
0x457623bab17de624446173a950b69a16f1f71451,3,0xb6e6b0167ce72057f6ac28cb5fd836896b4d084e,62513098,2026-08-06T23:38:22Z
0x4524f120f9fab133516e6989b3b7fa1ed76c54bd,3,0xb6e6b0167ce72057f6ac28cb5fd836896b4d084e,62513098,2026-08-06T23:38:22Z
0x443acd128929b6a4e013994622736ef8441cbcc8,3,0xb6e6b0167ce72057f6ac28cb5fd836896b4d084e,62513098,2026-08-06T23:38:22Z
0x41b0c6d8d1df404ead18376bf7536228bbd2c867,3,0xb6e6b0167ce72057f6ac28cb5fd836896b4d084e,62513098,2026-08-06T23:38:22Z
0x41708a339189ade3a9898ae1b0006a06d4b2cd7f,3,0xb6e6b0167ce72057f6ac28cb5fd836896b4d084e,62513098,2026-08-06T23:38:22Z
0x410be762c53989a35aae161b3c9f93efaab718a6,3,0xb6e6b0167ce72057f6ac28cb5fd836896b4d084e,62513098,2026-08-06T23:38:22Z
0x3b3a49f76e6b66851eb8f5deb8bbc142d9b7b72f,3,0xb6e6b0167ce72057f6ac28cb5fd836896b4d084e,62513098,2026-08-06T23:38:22Z
0x2ef1d28e1d9f15e467467b3e0a742b9f99a62fd0,3,0xb6e6b0167ce72057f6ac28cb5fd836896b4d084e,62513098,2026-08-06T23:38:22Z
0x2e045fdd44739f3aed6e274871c0ae7ecc9b4448,3,0xb6e6b0167ce72057f6ac28cb5fd836896b4d084e,62513098,2026-08-06T23:38:22Z
0x2ca86ce434e649940c82af64d195011c20e7c5a2,3,0xb6e6b0167ce72057f6ac28cb5fd836896b4d084e,62513098,2026-08-06T23:38:22Z
0x19b3e86d70a99d24c748ecbc473818c0d50dc7ba,3,0xb6e6b0167ce72057f6ac28cb5fd836896b4d084e,62513098,2026-08-06T23:38:22Z
0x14b24a96e55adb12d19551be5837f8262d79dd3e,3,0xb6e6b0167ce72057f6ac28cb5fd836896b4d084e,62513098,2026-08-06T23:38:22Z
0x13df32589c59bacf21e3b580fe06c449e4d2166e,3,0xb6e6b0167ce72057f6ac28cb5fd836896b4d084e,62513098,2026-08-06T23:38:22Z
0x07637687985dc8462497bf1aaa76bd2ffb2c223a,3,0xb6e6b0167ce72057f6ac28cb5fd836896b4d084e,62513098,2026-08-06T23:38:22Z
0xfeb00bbf6e3409a49a821cca6d5ff1ef59b37a0e,2,0xb6e6b0167ce72057f6ac28cb5fd836896b4d084e,62513098,2026-08-06T23:38:22Z
0xfccd524bec5cbfb7908e88e7dd50e9553d01b6aa,2,0xb6e6b0167ce72057f6ac28cb5fd836896b4d084e,62513098,2026-08-06T23:38:22Z
0xfb7b05455aa9bbd2a811d83abd2f80f8e7f8a282,2,0xb6e6b0167ce72057f6ac28cb5fd836896b4d084e,62513098,2026-08-06T23:38:22Z
0xf8d7b2a5cfb6e6b38f72dcf23cbf95fc6c1b78c5,2,0xb6e6b0167ce72057f6ac28cb5fd836896b4d084e,62513098,2026-08-06T23:38:22Z
0xf2407b885844d485e17e827ff30699567857a932,2,0xb6e6b0167ce72057f6ac28cb5fd836896b4d084e,62513098,2026-08-06T23:38:22Z
0xf1f11c6f0b8e8e88f89721833f5470c61a5f1bec,2,0xb6e6b0167ce72057f6ac28cb5fd836896b4d084e,62513098,2026-08-06T23:38:22Z
0xeb94c4620f9e393bd31543f4fd18dd8f9406f5be,2,0xb6e6b0167ce72057f6ac28cb5fd836896b4d084e,62513098,2026-08-06T23:38:22Z
0xeabbf8026cc7a2b6b7c20cd90ffc9ffb87619f2d,2,0xb6e6b0167ce72057f6ac28cb5fd836896b4d084e,62513098,2026-08-06T23:38:22Z
0xe8fddb45457cf34ebddcdb79c3fcfda311049aed,2,0xb6e6b0167ce72057f6ac28cb5fd836896b4d084e,62513098,2026-08-06T23:38:22Z
0xe72123badd6e4adc6768eead8ac4c6ad41c611de,2,0xb6e6b0167ce72057f6ac28cb5fd836896b4d084e,62513098,2026-08-06T23:38:22Z
0xe63523aeef531595c89e74498119f07b490b22a0,2,0xb6e6b0167ce72057f6ac28cb5fd836896b4d084e,62513098,2026-08-06T23:38:22Z
0xe210cf971bac3c358693bb516eb44cfa015e2bc2,2,0xb6e6b0167ce72057f6ac28cb5fd836896b4d084e,62513098,2026-08-06T23:38:22Z
0xdf223a269ce2a5b6845a0ef4a92ecc4fdae69dd5,2,0xb6e6b0167ce72057f6ac28cb5fd836896b4d084e,62513098,2026-08-06T23:38:22Z
0xd58be977424ae5ec9206e29dd81b3e61829996ac,2,0xb6e6b0167ce72057f6ac28cb5fd836896b4d084e,62513098,2026-08-06T23:38:22Z
0xc3198dc78fdbc7f24bdc5deee1bca1aab05c961c,2,0xb6e6b0167ce72057f6ac28cb5fd836896b4d084e,62513098,2026-08-06T23:38:22Z
0xc23f046642f3ad198585fc3756c6b30e00724d0b,2,0xb6e6b0167ce72057f6ac28cb5fd836896b4d084e,62513098,2026-08-06T23:38:22Z
0xc0600afc2528e16921853f4136ccba7ceca05fc3,2,0xb6e6b0167ce72057f6ac28cb5fd836896b4d084e,62513098,2026-08-06T23:38:22Z
0xbe5ba997d2096311bd9c58aa6bd3251ad809b962,2,0xb6e6b0167ce72057f6ac28cb5fd836896b4d084e,62513098,2026-08-06T23:38:22Z
0xbc4f95ddcb5c304c9845f1479ec42971e13bc100,2,0xb6e6b0167ce72057f6ac28cb5fd836896b4d084e,62513098,2026-08-06T23:38:22Z
0xbaf897a585cc6f84ad6fc207639474cfd18fd657,2,0xb6e6b0167ce72057f6ac28cb5fd836896b4d084e,62513098,2026-08-06T23:38:22Z
0xba57d68315765a43d5a651664d8b2e4498e6a583,2,0xb6e6b0167ce72057f6ac28cb5fd836896b4d084e,62513098,2026-08-06T23:38:22Z
0xb6e6b0167ce72057f6ac28cb5fd836896b4d084e,2,0xb6e6b0167ce72057f6ac28cb5fd836896b4d084e,62513098,2026-08-06T23:38:22Z
0xb41fc65328fa5276ed2d5897114148eec3d0b67c,2,0xb6e6b0167ce72057f6ac28cb5fd836896b4d084e,62513098,2026-08-06T23:38:22Z
0xadc01ec42b204e7630facf439a2d64d01a88c0b2,2,0xb6e6b0167ce72057f6ac28cb5fd836896b4d084e,62513098,2026-08-06T23:38:22Z
0xa564adc4bb6f5ae30276d3c12e7f717207db9c18,2,0xb6e6b0167ce72057f6ac28cb5fd836896b4d084e,62513098,2026-08-06T23:38:22Z
0xa1ee37e1b73430325dcfaa7981c087ebeba7ef11,2,0xb6e6b0167ce72057f6ac28cb5fd836896b4d084e,62513098,2026-08-06T23:38:22Z
0xa134410365c51cc74b758dd73a01c6f6cbe7f7a7,2,0xb6e6b0167ce72057f6ac28cb5fd836896b4d084e,62513098,2026-08-06T23:38:22Z
0x9e407dab6b2faed029e2a6d32234be5f5ff58c22,2,0xb6e6b0167ce72057f6ac28cb5fd836896b4d084e,62513098,2026-08-06T23:38:22Z
0x98198eec9e2dcbfa450d36b472d6526aa4e0be6a,2,0xb6e6b0167ce72057f6ac28cb5fd836896b4d084e,62513098,2026-08-06T23:38:22Z
0x96b79045a899693dd1131f04c257e941b30dc153,2,0xb6e6b0167ce72057f6ac28cb5fd836896b4d084e,62513098,2026-08-06T23:38:22Z
0x923e0cf9703091e8a857614b5b8baf0eca12ffe0,2,0xb6e6b0167ce72057f6ac28cb5fd836896b4d084e,62513098,2026-08-06T23:38:22Z
0x8f1ef6178d07312fd406530a281e4365899a650d,2,0xb6e6b0167ce72057f6ac28cb5fd836896b4d084e,62513098,2026-08-06T23:38:22Z
0x871f34d4301ae08615e4c8e8cb23da04630a349f,2,0xb6e6b0167ce72057f6ac28cb5fd836896b4d084e,62513098,2026-08-06T23:38:22Z
0x85e7d4d010b4e1cbf2b088551b741a7b4a607439,2,0xb6e6b0167ce72057f6ac28cb5fd836896b4d084e,62513098,2026-08-06T23:38:22Z
0x838f2e76cd04e94638af3d6237f1c1799ea839f4,2,0xb6e6b0167ce72057f6ac28cb5fd836896b4d084e,62513098,2026-08-06T23:38:22Z
0x809cbfa0a0436ee63acd14673d99c075925020dd,2,0xb6e6b0167ce72057f6ac28cb5fd836896b4d084e,62513098,2026-08-06T23:38:22Z
0x7e3725ab300dce7f6b47183232e44e538dfdacaa,2,0xb6e6b0167ce72057f6ac28cb5fd836896b4d084e,62513098,2026-08-06T23:38:22Z
0x7d5031ac04b83c8460f7d5230efe5adfe45d5d67,2,0xb6e6b0167ce72057f6ac28cb5fd836896b4d084e,62513098,2026-08-06T23:38:22Z
0x758bc9d960bbae056f0dabe9f48d907b487e4bf7,2,0xb6e6b0167ce72057f6ac28cb5fd836896b4d084e,62513098,2026-08-06T23:38:22Z
0x744cf9668ae90115ed0c1bc112c6bc8f9f4fe877,2,0xb6e6b0167ce72057f6ac28cb5fd836896b4d084e,62513098,2026-08-06T23:38:22Z
0x68fe534ab19064ffa89a802eaee3c3cde3a743ec,2,0xb6e6b0167ce72057f6ac28cb5fd836896b4d084e,62513098,2026-08-06T23:38:22Z
0x5f21feb085ae3e81163129df379bd70689abd98c,2,0xb6e6b0167ce72057f6ac28cb5fd836896b4d084e,62513098,2026-08-06T23:38:22Z
0x5bdc97ef6db3f69ba6e4d73550aa57e54a966713,2,0xb6e6b0167ce72057f6ac28cb5fd836896b4d084e,62513098,2026-08-06T23:38:22Z
0x5babf4594fada28f37c516087d4c9f5554f3ce86,2,0xb6e6b0167ce72057f6ac28cb5fd836896b4d084e,62513098,2026-08-06T23:38:22Z
0x59b463cfa0bd584e5471b2a837523e3be9861e92,2,0xb6e6b0167ce72057f6ac28cb5fd836896b4d084e,62513098,2026-08-06T23:38:22Z
0x56ce632320b8af872b9ef5b94c4a483a63f1ee26,2,0xb6e6b0167ce72057f6ac28cb5fd836896b4d084e,62513098,2026-08-06T23:38:22Z
0x5160d61bee180eb2f9a211aeebae05513489bdd6,2,0xb6e6b0167ce72057f6ac28cb5fd836896b4d084e,62513098,2026-08-06T23:38:22Z
0x4e6ce8c0c86fea51e018870c9508a9027d2678f5,2,0xb6e6b0167ce72057f6ac28cb5fd836896b4d084e,62513098,2026-08-06T23:38:22Z
0x4de5e859c1004f8e6ac00b2decb4b5124ee86afd,2,0xb6e6b0167ce72057f6ac28cb5fd836896b4d084e,62513098,2026-08-06T23:38:22Z
0x4440c3adbcf4b125fec11560dde90498843bbc2a,2,0xb6e6b0167ce72057f6ac28cb5fd836896b4d084e,62513098,2026-08-06T23:38:22Z
0x3a5ff107f4a0159c29bb1397951f3a9268414d37,2,0xb6e6b0167ce72057f6ac28cb5fd836896b4d084e,62513098,2026-08-06T23:38:22Z
0x3a02e6a4c53e3c03b3f755c04b0f0cb8117b7c64,2,0xb6e6b0167ce72057f6ac28cb5fd836896b4d084e,62513098,2026-08-06T23:38:22Z
0x38e4c3cb13c02014e31c84380a3d10e885365412,2,0xb6e6b0167ce72057f6ac28cb5fd836896b4d084e,62513098,2026-08-06T23:38:22Z
0x381495036326bf34d2cc67989376d38793705168,2,0xb6e6b0167ce72057f6ac28cb5fd836896b4d084e,62513098,2026-08-06T23:38:22Z
0x2f6102a60813af809c8da5f46ceb1d022dd718f2,2,0xb6e6b0167ce72057f6ac28cb5fd836896b4d084e,62513098,2026-08-06T23:38:22Z
0x2f039b6884efbaaa35edc29de971113c3735694c,2,0xb6e6b0167ce72057f6ac28cb5fd836896b4d084e,62513098,2026-08-06T23:38:22Z
0x2cc0f9ff09d26dc5c102050522c2ddd3f6e7c670,2,0xb6e6b0167ce72057f6ac28cb5fd836896b4d084e,62513098,2026-08-06T23:38:22Z
0x2b60b514317571037b327275f5642b04ab04c210,2,0xb6e6b0167ce72057f6ac28cb5fd836896b4d084e,62513098,2026-08-06T23:38:22Z
0x2511a17dabfaf8b2ffd2672ece87476c003446fd,2,0xb6e6b0167ce72057f6ac28cb5fd836896b4d084e,62513098,2026-08-06T23:38:22Z
0x20c76ce1242882a4a5b24fe9dc1bdebdac4d06f7,2,0xb6e6b0167ce72057f6ac28cb5fd836896b4d084e,62513098,2026-08-06T23:38:22Z
0x207749da88e5895459f88b7ba472c1b68ede19e4,2,0xb6e6b0167ce72057f6ac28cb5fd836896b4d084e,62513098,2026-08-06T23:38:22Z
0x1c12966f0b495dc83509a3c45fdef473d0c1d05e,2,0xb6e6b0167ce72057f6ac28cb5fd836896b4d084e,62513098,2026-08-06T23:38:22Z
0x184d17ea9250897757bbe6938610e2280d2e1fa4,2,0xb6e6b0167ce72057f6ac28cb5fd836896b4d084e,62513098,2026-08-06T23:38:22Z
0x146481c037a375a2950779b1f0431ef781be60bc,2,0xb6e6b0167ce72057f6ac28cb5fd836896b4d084e,62513098,2026-08-06T23:38:22Z
0x10c9eb8b5e9caa68f85ff3ae5d90ace7e40d7050,2,0xb6e6b0167ce72057f6ac28cb5fd836896b4d084e,62513098,2026-08-06T23:38:22Z
0x0c2e1d783b5d5914586c42dd3f5f0f13edf1b794,2,0xb6e6b0167ce72057f6ac28cb5fd836896b4d084e,62513098,2026-08-06T23:38:22Z
0x09a8a7c986021406e0aadcedf7e8e6f00efd99c2,2,0xb6e6b0167ce72057f6ac28cb5fd836896b4d084e,62513098,2026-08-06T23:38:22Z
0x0703159301574cce1ff8a16f814c5d2fee93c057,2,0xb6e6b0167ce72057f6ac28cb5fd836896b4d084e,62513098,2026-08-06T23:38:22Z
0x061d29880f2d0608ef2ac61765c92a88785ed0f1,2,0xb6e6b0167ce72057f6ac28cb5fd836896b4d084e,62513098,2026-08-06T23:38:22Z
0x06197e5302f24f02117af37aa07fc1b6449b7f94,2,0xb6e6b0167ce72057f6ac28cb5fd836896b4d084e,62513098,2026-08-06T23:38:22Z
0x0565978e02bb9bdae46d599a55ab1cbc0df45e9c,2,0xb6e6b0167ce72057f6ac28cb5fd836896b4d084e,62513098,2026-08-06T23:38:22Z
0x03d86cdedaf866545f3d09e745bd0746437f8125,2,0xb6e6b0167ce72057f6ac28cb5fd836896b4d084e,62513098,2026-08-06T23:38:22Z
0x038c31d2d76bee0c8e5620682071a74541b6add7,2,0xb6e6b0167ce72057f6ac28cb5fd836896b4d084e,62513098,2026-08-06T23:38:22Z
0x019ffe6e2048693392a3108957bcbb7ed916e695,2,0xb6e6b0167ce72057f6ac28cb5fd836896b4d084e,62513098,2026-08-06T23:38:22Z
0xfed044aa4333a0cfea099ad77d4949602be16942,1,0xb6e6b0167ce72057f6ac28cb5fd836896b4d084e,62513098,2026-08-06T23:38:22Z
0xfe155fbed8eebc74c29ce92a19e13c1acd9f47cb,1,0xb6e6b0167ce72057f6ac28cb5fd836896b4d084e,62513098,2026-08-06T23:38:22Z
0xf81cc783c76960050638dddb3e3808ce5d2be147,1,0xb6e6b0167ce72057f6ac28cb5fd836896b4d084e,62513098,2026-08-06T23:38:22Z
0xf7cc4376201f4f17390d207c6b558d90a773deb5,1,0xb6e6b0167ce72057f6ac28cb5fd836896b4d084e,62513098,2026-08-06T23:38:22Z
0xf479fb0059ef196470578849e78858111dac64cb,1,0xb6e6b0167ce72057f6ac28cb5fd836896b4d084e,62513098,2026-08-06T23:38:22Z
0xf3debd893d3788c3b700e3f2ae7ec2c7619a35db,1,0xb6e6b0167ce72057f6ac28cb5fd836896b4d084e,62513098,2026-08-06T23:38:22Z
0xf243f6989a93e5a7be4d6b8a3fd5a6b767372ec5,1,0xb6e6b0167ce72057f6ac28cb5fd836896b4d084e,62513098,2026-08-06T23:38:22Z
0xedae79fd1b22a0028d99e98997355d2e9a40052c,1,0xb6e6b0167ce72057f6ac28cb5fd836896b4d084e,62513098,2026-08-06T23:38:22Z
0xed041459e9c70067d42c9eab2ca2559c67cfed78,1,0xb6e6b0167ce72057f6ac28cb5fd836896b4d084e,62513098,2026-08-06T23:38:22Z
0xeb781c2b301305622434578752ea485afdcab58d,1,0xb6e6b0167ce72057f6ac28cb5fd836896b4d084e,62513098,2026-08-06T23:38:22Z
0xea6bf60cf6ff7166a72a5249b2c5290b19047430,1,0xb6e6b0167ce72057f6ac28cb5fd836896b4d084e,62513098,2026-08-06T23:38:22Z
0xe7eddaa6bd37849a8a39cd963b1da137032c9146,1,0xb6e6b0167ce72057f6ac28cb5fd836896b4d084e,62513098,2026-08-06T23:38:22Z
0xe7d6e1fb47a7aad41811450531f24c88459875cd,1,0xb6e6b0167ce72057f6ac28cb5fd836896b4d084e,62513098,2026-08-06T23:38:22Z
0xe7aa9c4cbb154850d5161fca4f3f7e5058ba4a3e,1,0xb6e6b0167ce72057f6ac28cb5fd836896b4d084e,62513098,2026-08-06T23:38:22Z
0xe62d76bc8a572ee7ea32abad697a15f6c8b9ed47,1,0xb6e6b0167ce72057f6ac28cb5fd836896b4d084e,62513098,2026-08-06T23:38:22Z
0xe3400ac178538f1fcfde4c392ec0554e2f9bb10d,1,0xb6e6b0167ce72057f6ac28cb5fd836896b4d084e,62513098,2026-08-06T23:38:22Z
0xe1068e93d9b69d152ff27c634f34b05c49dd4791,1,0xb6e6b0167ce72057f6ac28cb5fd836896b4d084e,62513098,2026-08-06T23:38:22Z
0xe0b705fbc2d8108d955820d1dba615f9faa394f6,1,0xb6e6b0167ce72057f6ac28cb5fd836896b4d084e,62513098,2026-08-06T23:38:22Z
0xdef0565a68f81caec105f45bb5706aede027575a,1,0xb6e6b0167ce72057f6ac28cb5fd836896b4d084e,62513098,2026-08-06T23:38:22Z
0xdc218ca5f006c98d9b74f3d19e2945094e2641bc,1,0xb6e6b0167ce72057f6ac28cb5fd836896b4d084e,62513098,2026-08-06T23:38:22Z
0xd9b3b9f72c6880b0fa4e27d5a7026acbe41a6a20,1,0xb6e6b0167ce72057f6ac28cb5fd836896b4d084e,62513098,2026-08-06T23:38:22Z
0xd98a3c62fdc170b26d746fdbefd3bdc7f839ac03,1,0xb6e6b0167ce72057f6ac28cb5fd836896b4d084e,62513098,2026-08-06T23:38:22Z
0xd91064cc2eb2881aaa5b5ae7119316b8a1c6ffa3,1,0xb6e6b0167ce72057f6ac28cb5fd836896b4d084e,62513098,2026-08-06T23:38:22Z
0xd7f0fcd5e2f5a0d4f59fd5a4cbdeba71c76469ff,1,0xb6e6b0167ce72057f6ac28cb5fd836896b4d084e,62513098,2026-08-06T23:38:22Z
0xd2a1aabe8b9161afea8a4e4470874ed7574c4600,1,0xb6e6b0167ce72057f6ac28cb5fd836896b4d084e,62513098,2026-08-06T23:38:22Z
0xd248743a742dbf1e1cc2510f7df53d78f86b7522,1,0xb6e6b0167ce72057f6ac28cb5fd836896b4d084e,62513098,2026-08-06T23:38:22Z
0xd1a03282200eafa2b21c20cc9859702b2cfc7805,1,0xb6e6b0167ce72057f6ac28cb5fd836896b4d084e,62513098,2026-08-06T23:38:22Z
0xd15267e107c79f08905580a0e7a5f06b88ab8537,1,0xb6e6b0167ce72057f6ac28cb5fd836896b4d084e,62513098,2026-08-06T23:38:22Z
0xd1218e38591cde67ecb62ae70065e15b9ee5e53a,1,0xb6e6b0167ce72057f6ac28cb5fd836896b4d084e,62513098,2026-08-06T23:38:22Z
0xcc4b6dcb45353c661f81ac2596f83a5065dc4c11,1,0xb6e6b0167ce72057f6ac28cb5fd836896b4d084e,62513098,2026-08-06T23:38:22Z
0xcb0f0ea8a5bbc0f554d4f05ca208dfed0d638c2f,1,0xb6e6b0167ce72057f6ac28cb5fd836896b4d084e,62513098,2026-08-06T23:38:22Z
0xcafaa76933d79a5c7500b49f63388898503347fe,1,0xb6e6b0167ce72057f6ac28cb5fd836896b4d084e,62513098,2026-08-06T23:38:22Z
0xc985d172b8258dbd691bcd722317570397df274e,1,0xb6e6b0167ce72057f6ac28cb5fd836896b4d084e,62513098,2026-08-06T23:38:22Z
0xc71db1afa5cc0ca9edd64891523346ff117dd6aa,1,0xb6e6b0167ce72057f6ac28cb5fd836896b4d084e,62513098,2026-08-06T23:38:22Z
0xc713b0d0d4b437fad0b0997cbc09b64563348b95,1,0xb6e6b0167ce72057f6ac28cb5fd836896b4d084e,62513098,2026-08-06T23:38:22Z
0xc67a061445b105c2073d9d852e4c4cddc62d3135,1,0xb6e6b0167ce72057f6ac28cb5fd836896b4d084e,62513098,2026-08-06T23:38:22Z
0xc623ca96a27d380d263556e5ebb00a0efe3d840a,1,0xb6e6b0167ce72057f6ac28cb5fd836896b4d084e,62513098,2026-08-06T23:38:22Z
0xc4722cbacc3a75248f11ceedfe8de42833b90b7b,1,0xb6e6b0167ce72057f6ac28cb5fd836896b4d084e,62513098,2026-08-06T23:38:22Z
0xc33b6e44d913fd13e8a8ad30abeef4a13b3aa425,1,0xb6e6b0167ce72057f6ac28cb5fd836896b4d084e,62513098,2026-08-06T23:38:22Z
0xc31849329f70d866555e485ca4be296c962971ac,1,0xb6e6b0167ce72057f6ac28cb5fd836896b4d084e,62513098,2026-08-06T23:38:22Z
0xc2ad7cfd1f58fab57b8e2e21185e2bb1c214b684,1,0xb6e6b0167ce72057f6ac28cb5fd836896b4d084e,62513098,2026-08-06T23:38:22Z
0xc1c804742eca2cfa3a9a70fcfb768d0961378394,1,0xb6e6b0167ce72057f6ac28cb5fd836896b4d084e,62513098,2026-08-06T23:38:22Z
0xbf75d7db925ee6cbb1308614d14be424c433ba63,1,0xb6e6b0167ce72057f6ac28cb5fd836896b4d084e,62513098,2026-08-06T23:38:22Z
0xbe17efe58cfdcfbf06ad2f00dfb17bb8aa844326,1,0xb6e6b0167ce72057f6ac28cb5fd836896b4d084e,62513098,2026-08-06T23:38:22Z
0xbc55d98cae2f3276daa42056f2e472630b32be0f,1,0xb6e6b0167ce72057f6ac28cb5fd836896b4d084e,62513098,2026-08-06T23:38:22Z
0xbc4ee9567a4b8202cfdc37f6696454da25bea2f5,1,0xb6e6b0167ce72057f6ac28cb5fd836896b4d084e,62513098,2026-08-06T23:38:22Z
0xbaebde8c0a34cf87f69f2a6e7b8eb167efd9c8d2,1,0xb6e6b0167ce72057f6ac28cb5fd836896b4d084e,62513098,2026-08-06T23:38:22Z
0xb9ffbfe71dcdd054c7beb849f8bcee56777fc1d0,1,0xb6e6b0167ce72057f6ac28cb5fd836896b4d084e,62513098,2026-08-06T23:38:22Z
0xb9dac5c3965e5c582fadde3b383622747b22e1ae,1,0xb6e6b0167ce72057f6ac28cb5fd836896b4d084e,62513098,2026-08-06T23:38:22Z
0xb867359a329b51b1c5fa8ee8e4e6762ed380c925,1,0xb6e6b0167ce72057f6ac28cb5fd836896b4d084e,62513098,2026-08-06T23:38:22Z
0xb7c5f21a4884d052621e1d2b06b9e3954a15629d,1,0xb6e6b0167ce72057f6ac28cb5fd836896b4d084e,62513098,2026-08-06T23:38:22Z
0xb7658fd03a2a09e1a5bed2884120d2e7ec10c689,1,0xb6e6b0167ce72057f6ac28cb5fd836896b4d084e,62513098,2026-08-06T23:38:22Z
0xb73d2ee162e4ca8e9b1325a3c573d3d211d60146,1,0xb6e6b0167ce72057f6ac28cb5fd836896b4d084e,62513098,2026-08-06T23:38:22Z
0xb6bea04b88391efbb17a4b98324e99771d4510a5,1,0xb6e6b0167ce72057f6ac28cb5fd836896b4d084e,62513098,2026-08-06T23:38:22Z
0xb69adef1596b2b0f600452581c786e3db7b87de6,1,0xb6e6b0167ce72057f6ac28cb5fd836896b4d084e,62513098,2026-08-06T23:38:22Z
0xb5e008e79df721321a883e7b165d9e6a2d1b8d55,1,0xb6e6b0167ce72057f6ac28cb5fd836896b4d084e,62513098,2026-08-06T23:38:22Z
0xb5dfe55ff3527061db7099a5d636b54f324f6d6d,1,0xb6e6b0167ce72057f6ac28cb5fd836896b4d084e,62513098,2026-08-06T23:38:22Z
0xb56ec17723c9c60bc6b1aca29a4946f834bc5dcf,1,0xb6e6b0167ce72057f6ac28cb5fd836896b4d084e,62513098,2026-08-06T23:38:22Z
0xb3fa9f4d80759bdd13cb267721deaac39f746395,1,0xb6e6b0167ce72057f6ac28cb5fd836896b4d084e,62513098,2026-08-06T23:38:22Z
0xb23092749a1d44258ed1ef82d677b03008f2dcee,1,0xb6e6b0167ce72057f6ac28cb5fd836896b4d084e,62513098,2026-08-06T23:38:22Z
0xb2150f18bdcfeca7d08a3a246210c1b1bdcbca4f,1,0xb6e6b0167ce72057f6ac28cb5fd836896b4d084e,62513098,2026-08-06T23:38:22Z
0xae4c5646571a3579d740de04849452aa45f5fab1,1,0xb6e6b0167ce72057f6ac28cb5fd836896b4d084e,62513098,2026-08-06T23:38:22Z
0xae0cbf4bdd8e9d8901abecfd25f8e77bcacf332e,1,0xb6e6b0167ce72057f6ac28cb5fd836896b4d084e,62513098,2026-08-06T23:38:22Z
0xad6d815b74deae3a0b6de5d6d00a117ab9e2f7a7,1,0xb6e6b0167ce72057f6ac28cb5fd836896b4d084e,62513098,2026-08-06T23:38:22Z
0xad40a86218dd583a67abd2dcb94b0084c9088b81,1,0xb6e6b0167ce72057f6ac28cb5fd836896b4d084e,62513098,2026-08-06T23:38:22Z
0xacbe16f34d576066ee4d3bace8545fed9c8656b9,1,0xb6e6b0167ce72057f6ac28cb5fd836896b4d084e,62513098,2026-08-06T23:38:22Z
0xac6a6a956cc46e5ea9a86658f9995f290610fe53,1,0xb6e6b0167ce72057f6ac28cb5fd836896b4d084e,62513098,2026-08-06T23:38:22Z
0xac0e8704cb518e75a3b30357853d1669d2b2e343,1,0xb6e6b0167ce72057f6ac28cb5fd836896b4d084e,62513098,2026-08-06T23:38:22Z
0xaae417b4fa1a64b65c90c3448b96017466891b0f,1,0xb6e6b0167ce72057f6ac28cb5fd836896b4d084e,62513098,2026-08-06T23:38:22Z
0xa88654ef562301abf96584e972b1abcf69be138b,1,0xb6e6b0167ce72057f6ac28cb5fd836896b4d084e,62513098,2026-08-06T23:38:22Z
0xa74a23571163aefa8db2220033f4a6dada2fea0f,1,0xb6e6b0167ce72057f6ac28cb5fd836896b4d084e,62513098,2026-08-06T23:38:22Z
0xa58be08f3af08a09b74fe5b5d55b4f2805713f18,1,0xb6e6b0167ce72057f6ac28cb5fd836896b4d084e,62513098,2026-08-06T23:38:22Z
0xa3c05c79a165b9d2edfffaa761f5c5dba2ca672d,1,0xb6e6b0167ce72057f6ac28cb5fd836896b4d084e,62513098,2026-08-06T23:38:22Z
0xa19931744f871cc70c2ee7052400da181dcf62bb,1,0xb6e6b0167ce72057f6ac28cb5fd836896b4d084e,62513098,2026-08-06T23:38:22Z
0xa04fb318fc1bdb1674231ad20ad99a5989c59efe,1,0xb6e6b0167ce72057f6ac28cb5fd836896b4d084e,62513098,2026-08-06T23:38:22Z
0x9f9ab1df760c3a65e66886c408466c301d1300d1,1,0xb6e6b0167ce72057f6ac28cb5fd836896b4d084e,62513098,2026-08-06T23:38:22Z
0x9f41764cb635dfa4c7e31aabb115e347e0827262,1,0xb6e6b0167ce72057f6ac28cb5fd836896b4d084e,62513098,2026-08-06T23:38:22Z
0x9dac966ca9ca03c15538228cdc5b9e8b5ed72a87,1,0xb6e6b0167ce72057f6ac28cb5fd836896b4d084e,62513098,2026-08-06T23:38:22Z
0x9c6389d0f3c6673d126c822dad66fa4d67389907,1,0xb6e6b0167ce72057f6ac28cb5fd836896b4d084e,62513098,2026-08-06T23:38:22Z
0x9c2493b2774bffc657a41adf4ea0b05ad67e5697,1,0xb6e6b0167ce72057f6ac28cb5fd836896b4d084e,62513098,2026-08-06T23:38:22Z
0x9bec864d0feae48bb05ccb6d2ee45433be817401,1,0xb6e6b0167ce72057f6ac28cb5fd836896b4d084e,62513098,2026-08-06T23:38:22Z
0x9bd837592ba6b3647ad87b0e0c1bbf17a3fa08e6,1,0xb6e6b0167ce72057f6ac28cb5fd836896b4d084e,62513098,2026-08-06T23:38:22Z
0x9b291b0e9c78ce1c94b701d3d9faad349c4be341,1,0xb6e6b0167ce72057f6ac28cb5fd836896b4d084e,62513098,2026-08-06T23:38:22Z
0x973b5f0d8be3b87ab55fd3e342cfef90a7c352d0,1,0xb6e6b0167ce72057f6ac28cb5fd836896b4d084e,62513098,2026-08-06T23:38:22Z
0x96bd4ce239f091d004bed88e41722dc8da725b71,1,0xb6e6b0167ce72057f6ac28cb5fd836896b4d084e,62513098,2026-08-06T23:38:22Z
0x963601330eb7130f8b2917859fd60335ef353581,1,0xb6e6b0167ce72057f6ac28cb5fd836896b4d084e,62513098,2026-08-06T23:38:22Z
0x95f9b35a6340ab732d786edd35740f12be85645e,1,0xb6e6b0167ce72057f6ac28cb5fd836896b4d084e,62513098,2026-08-06T23:38:22Z
0x95796cc67cf1a8846e1981d12ac129c243da9853,1,0xb6e6b0167ce72057f6ac28cb5fd836896b4d084e,62513098,2026-08-06T23:38:22Z
0x9452159658f48545a95a45ce477d0b39b83366bd,1,0xb6e6b0167ce72057f6ac28cb5fd836896b4d084e,62513098,2026-08-06T23:38:22Z
0x9338b21d72d6e26067b25a0ca116e8fe194f7d5a,1,0xb6e6b0167ce72057f6ac28cb5fd836896b4d084e,62513098,2026-08-06T23:38:22Z
0x9290f63af1a2cdf7165f5977b38deb3b36a9d18d,1,0xb6e6b0167ce72057f6ac28cb5fd836896b4d084e,62513098,2026-08-06T23:38:22Z
0x92538124abd2a7b70501b3148e94a29b8f420e5b,1,0xb6e6b0167ce72057f6ac28cb5fd836896b4d084e,62513098,2026-08-06T23:38:22Z
0x9204c47196fd467df39c96581c51642f1e1a27bd,1,0xb6e6b0167ce72057f6ac28cb5fd836896b4d084e,62513098,2026-08-06T23:38:22Z
0x90231151cf3ac9056b349da547b888024a3522c6,1,0xb6e6b0167ce72057f6ac28cb5fd836896b4d084e,62513098,2026-08-06T23:38:22Z
0x8fdd32407a0df6567fcba56aa7f1c6dc3146cd42,1,0xb6e6b0167ce72057f6ac28cb5fd836896b4d084e,62513098,2026-08-06T23:38:22Z
0x8f9fdefbe00123b88488f70339f714d8aec5d0dc,1,0xb6e6b0167ce72057f6ac28cb5fd836896b4d084e,62513098,2026-08-06T23:38:22Z
0x8d42d6275eae0025a455c9dc39e4cb09bf5a0885,1,0xb6e6b0167ce72057f6ac28cb5fd836896b4d084e,62513098,2026-08-06T23:38:22Z
0x8c7aaa2833566451206b8217043a2bb7f84029f1,1,0xb6e6b0167ce72057f6ac28cb5fd836896b4d084e,62513098,2026-08-06T23:38:22Z
0x89ac282c02f18903db5a49428d935637aa5f0dc7,1,0xb6e6b0167ce72057f6ac28cb5fd836896b4d084e,62513098,2026-08-06T23:38:22Z
0x887ecd57935483c8d637b5932fd4a749d5cd6d2d,1,0xb6e6b0167ce72057f6ac28cb5fd836896b4d084e,62513098,2026-08-06T23:38:22Z
0x876f2e8da2a8adc772a43e3fd2fab9e0805b5b4b,1,0xb6e6b0167ce72057f6ac28cb5fd836896b4d084e,62513098,2026-08-06T23:38:22Z
0x857bfd024404f0f7149df3ac88487cff8c9753cf,1,0xb6e6b0167ce72057f6ac28cb5fd836896b4d084e,62513098,2026-08-06T23:38:22Z
0x854cea8acf015497218688ab0a17ec88453e0af1,1,0xb6e6b0167ce72057f6ac28cb5fd836896b4d084e,62513098,2026-08-06T23:38:22Z
0x84e60b5c84366bc78f9f3eb8b9808d4a69af1a55,1,0xb6e6b0167ce72057f6ac28cb5fd836896b4d084e,62513098,2026-08-06T23:38:22Z
0x81ddc21b1f710bd3d950d5d8d4b70cb3e8013392,1,0xb6e6b0167ce72057f6ac28cb5fd836896b4d084e,62513098,2026-08-06T23:38:22Z
0x7f6546a28331d30b42b6389520ec4b9f30a13713,1,0xb6e6b0167ce72057f6ac28cb5fd836896b4d084e,62513098,2026-08-06T23:38:22Z
0x7cf68d796a2c080832af5d2b87eee4205bc7a7df,1,0xb6e6b0167ce72057f6ac28cb5fd836896b4d084e,62513098,2026-08-06T23:38:22Z
0x7c85a8c638978fb0f416155e62edc1da8407b764,1,0xb6e6b0167ce72057f6ac28cb5fd836896b4d084e,62513098,2026-08-06T23:38:22Z
0x7c2fee7bb972d9142ce31df8cc27b693bf67fcc1,1,0xb6e6b0167ce72057f6ac28cb5fd836896b4d084e,62513098,2026-08-06T23:38:22Z
0x7c0201725005b22445fde4dce334abce520dd6be,1,0xb6e6b0167ce72057f6ac28cb5fd836896b4d084e,62513098,2026-08-06T23:38:22Z
0x7b576b07afa8a3f1a418360ce467de86f160b129,1,0xb6e6b0167ce72057f6ac28cb5fd836896b4d084e,62513098,2026-08-06T23:38:22Z
0x7aa888d6486a9866e831c5bc0087ca159c86e280,1,0xb6e6b0167ce72057f6ac28cb5fd836896b4d084e,62513098,2026-08-06T23:38:22Z
0x78998ff3ebdaff2b05cb3decad5553ba13abbd0c,1,0xb6e6b0167ce72057f6ac28cb5fd836896b4d084e,62513098,2026-08-06T23:38:22Z
0x7859d4a795adbad3071f7275e1c3495a04744b1b,1,0xb6e6b0167ce72057f6ac28cb5fd836896b4d084e,62513098,2026-08-06T23:38:22Z
0x782df0101ad23f861aeb1db40b60cc4211af78f7,1,0xb6e6b0167ce72057f6ac28cb5fd836896b4d084e,62513098,2026-08-06T23:38:22Z
0x76afe44a9e092e7e28854b68f48960ab09318888,1,0xb6e6b0167ce72057f6ac28cb5fd836896b4d084e,62513098,2026-08-06T23:38:22Z
0x75e4e84ab8733b9e5b2791d40149f03beff98baa,1,0xb6e6b0167ce72057f6ac28cb5fd836896b4d084e,62513098,2026-08-06T23:38:22Z
0x72d4870bb2a449e0772ea54181fc5a54b69fa838,1,0xb6e6b0167ce72057f6ac28cb5fd836896b4d084e,62513098,2026-08-06T23:38:22Z
0x7297846cac506157f36ea5b5a6b67f85f197b07b,1,0xb6e6b0167ce72057f6ac28cb5fd836896b4d084e,62513098,2026-08-06T23:38:22Z
0x721bd7ea7cc17ecf88503b1e7f54532246dd6348,1,0xb6e6b0167ce72057f6ac28cb5fd836896b4d084e,62513098,2026-08-06T23:38:22Z
0x70a57e02cbc371776046597fa316d580dbea2c01,1,0xb6e6b0167ce72057f6ac28cb5fd836896b4d084e,62513098,2026-08-06T23:38:22Z
0x702c500ea5e7bb98cb95bba2cd3ebb9146fb206e,1,0xb6e6b0167ce72057f6ac28cb5fd836896b4d084e,62513098,2026-08-06T23:38:22Z
0x6c9443357a4fc15192006e76a0c17ad5dbca5393,1,0xb6e6b0167ce72057f6ac28cb5fd836896b4d084e,62513098,2026-08-06T23:38:22Z
0x6b88e2267f926ce0f3082f5d8274dfa0da25f893,1,0xb6e6b0167ce72057f6ac28cb5fd836896b4d084e,62513098,2026-08-06T23:38:22Z
0x6a697224427fbed77c48fd7080b7bf58bb0eb293,1,0xb6e6b0167ce72057f6ac28cb5fd836896b4d084e,62513098,2026-08-06T23:38:22Z
0x66d7b50263fa577f27e591a87a38be4c3320dce9,1,0xb6e6b0167ce72057f6ac28cb5fd836896b4d084e,62513098,2026-08-06T23:38:22Z
0x659a5c581e114300c8ab11cbfba681fcb2e37962,1,0xb6e6b0167ce72057f6ac28cb5fd836896b4d084e,62513098,2026-08-06T23:38:22Z
0x6530015af431bcb3f3145b5d42a663822f1f7f5d,1,0xb6e6b0167ce72057f6ac28cb5fd836896b4d084e,62513098,2026-08-06T23:38:22Z
0x6428af0b6aa60500dd24cac45fa2c18e462ea037,1,0xb6e6b0167ce72057f6ac28cb5fd836896b4d084e,62513098,2026-08-06T23:38:22Z
0x630215f9e1ce7b3025971a230b34ba982c67192c,1,0xb6e6b0167ce72057f6ac28cb5fd836896b4d084e,62513098,2026-08-06T23:38:22Z
0x621be35dee1aad4985a9824dc7da4bb72a9481ea,1,0xb6e6b0167ce72057f6ac28cb5fd836896b4d084e,62513098,2026-08-06T23:38:22Z
0x6140898a92cbdaa1bd023bde655b547193a344a4,1,0xb6e6b0167ce72057f6ac28cb5fd836896b4d084e,62513098,2026-08-06T23:38:22Z
0x6117601fe0a6bc3a1762a862006076e0cff0ebf5,1,0xb6e6b0167ce72057f6ac28cb5fd836896b4d084e,62513098,2026-08-06T23:38:22Z
0x60d910b173a02f47574f5fd8d1700babe416ad25,1,0xb6e6b0167ce72057f6ac28cb5fd836896b4d084e,62513098,2026-08-06T23:38:22Z
0x5db48517ddf74d42f886295573d19d01bc1e7973,1,0xb6e6b0167ce72057f6ac28cb5fd836896b4d084e,62513098,2026-08-06T23:38:22Z
0x5db0f82843f576d10b6dae74b496fe28c7e284fa,1,0xb6e6b0167ce72057f6ac28cb5fd836896b4d084e,62513098,2026-08-06T23:38:22Z
0x5d001466c3bfd1e745c33a794f90115cc8c2495d,1,0xb6e6b0167ce72057f6ac28cb5fd836896b4d084e,62513098,2026-08-06T23:38:22Z
0x5b7062b68989e8f24371cde1e8e2d91c78423e00,1,0xb6e6b0167ce72057f6ac28cb5fd836896b4d084e,62513098,2026-08-06T23:38:22Z
0x5a766930acad439b500505986643c137f22378a1,1,0xb6e6b0167ce72057f6ac28cb5fd836896b4d084e,62513098,2026-08-06T23:38:22Z
0x5a72fcf21bc18677eba554ca7c73f580e38ea950,1,0xb6e6b0167ce72057f6ac28cb5fd836896b4d084e,62513098,2026-08-06T23:38:22Z
0x5a0ac23b69db12351510c31fc5adcbc2df8c04e5,1,0xb6e6b0167ce72057f6ac28cb5fd836896b4d084e,62513098,2026-08-06T23:38:22Z
0x59ce8bd3d875c13be0d128f5b1ecf114a90b6da4,1,0xb6e6b0167ce72057f6ac28cb5fd836896b4d084e,62513098,2026-08-06T23:38:22Z
0x58cc0e329968363564af21cc9b55aeec35c23469,1,0xb6e6b0167ce72057f6ac28cb5fd836896b4d084e,62513098,2026-08-06T23:38:22Z
0x574cf9b972d8673d7c94c6f7198da0da157db803,1,0xb6e6b0167ce72057f6ac28cb5fd836896b4d084e,62513098,2026-08-06T23:38:22Z
0x55f3d5b7950ce8323dd5569a15dd2268fc1f0904,1,0xb6e6b0167ce72057f6ac28cb5fd836896b4d084e,62513098,2026-08-06T23:38:22Z
0x55dd34a517fa9fca58b6e0e0eae473b9ae001a65,1,0xb6e6b0167ce72057f6ac28cb5fd836896b4d084e,62513098,2026-08-06T23:38:22Z
0x52a72e835ce5bb3d3416e851970e8b367b74522a,1,0xb6e6b0167ce72057f6ac28cb5fd836896b4d084e,62513098,2026-08-06T23:38:22Z
0x525243a2943679acacc1c1cb3bf7ab486a548626,1,0xb6e6b0167ce72057f6ac28cb5fd836896b4d084e,62513098,2026-08-06T23:38:22Z
0x51545f33efa40f09c0459dec7bb510f93f0da90e,1,0xb6e6b0167ce72057f6ac28cb5fd836896b4d084e,62513098,2026-08-06T23:38:22Z
0x512a26032a57aa2e7940a17d484074340a09bc83,1,0xb6e6b0167ce72057f6ac28cb5fd836896b4d084e,62513098,2026-08-06T23:38:22Z
0x503173b7215ff5e6da09171de21c30b3afbfbd03,1,0xb6e6b0167ce72057f6ac28cb5fd836896b4d084e,62513098,2026-08-06T23:38:22Z
0x4f40bb3c7851c0e2663e6c4a72654f7635dbaeab,1,0xb6e6b0167ce72057f6ac28cb5fd836896b4d084e,62513098,2026-08-06T23:38:22Z
0x4ed0d8dc1c587c507bd29a694fd2f17712fbb99c,1,0xb6e6b0167ce72057f6ac28cb5fd836896b4d084e,62513098,2026-08-06T23:38:22Z
0x4bdb0da9902d5682ab7cae9590b934e24bfb9655,1,0xb6e6b0167ce72057f6ac28cb5fd836896b4d084e,62513098,2026-08-06T23:38:22Z
0x4af92f354ff39fdd2058b52354c8c8dbb08d83c0,1,0xb6e6b0167ce72057f6ac28cb5fd836896b4d084e,62513098,2026-08-06T23:38:22Z
0x4a1487e535feb117fcc599974e5e10d0d69f2b64,1,0xb6e6b0167ce72057f6ac28cb5fd836896b4d084e,62513098,2026-08-06T23:38:22Z
0x488a5e9bf65d15c9f8649654a811412fb1e6b412,1,0xb6e6b0167ce72057f6ac28cb5fd836896b4d084e,62513098,2026-08-06T23:38:22Z
0x45d39ccf3e187c49ea02004a2ce3e7bfef90b9b0,1,0xb6e6b0167ce72057f6ac28cb5fd836896b4d084e,62513098,2026-08-06T23:38:22Z
0x4244e64e361914e7e0f93c108ca8ea402f4b3739,1,0xb6e6b0167ce72057f6ac28cb5fd836896b4d084e,62513098,2026-08-06T23:38:22Z
0x41915445974ad58bb79013395bd59646ae0d45cf,1,0xb6e6b0167ce72057f6ac28cb5fd836896b4d084e,62513098,2026-08-06T23:38:22Z
0x41796ec56c37b7ad6573cdd5a09f4c3c07f690c5,1,0xb6e6b0167ce72057f6ac28cb5fd836896b4d084e,62513098,2026-08-06T23:38:22Z
0x412be565ffba28f38741a42dc09931bf6404619b,1,0xb6e6b0167ce72057f6ac28cb5fd836896b4d084e,62513098,2026-08-06T23:38:22Z
0x40cf91aebc3a21784637aa9ac06e2494050f9d16,1,0xb6e6b0167ce72057f6ac28cb5fd836896b4d084e,62513098,2026-08-06T23:38:22Z
0x4036fb75984a38f891ff9377cce17a918f0e0c7d,1,0xb6e6b0167ce72057f6ac28cb5fd836896b4d084e,62513098,2026-08-06T23:38:22Z
0x3e87dad91404f3e3481ff112cfd757b4d3ba8e4d,1,0xb6e6b0167ce72057f6ac28cb5fd836896b4d084e,62513098,2026-08-06T23:38:22Z
0x3e6f07ed80eefb88579f7c01883a46eb0323015f,1,0xb6e6b0167ce72057f6ac28cb5fd836896b4d084e,62513098,2026-08-06T23:38:22Z
0x3d92ae72a62ea27dc2b4a0b9b0c8f5f98889263c,1,0xb6e6b0167ce72057f6ac28cb5fd836896b4d084e,62513098,2026-08-06T23:38:22Z
0x3d5988eac7dbfdc40ac0674ee2bd4fd01a475f2c,1,0xb6e6b0167ce72057f6ac28cb5fd836896b4d084e,62513098,2026-08-06T23:38:22Z
0x3b5ae40384e2b9813844cb66499471ef15f9d084,1,0xb6e6b0167ce72057f6ac28cb5fd836896b4d084e,62513098,2026-08-06T23:38:22Z
0x3b061df693df8e6ff9e0bffab0473288c2ba7a10,1,0xb6e6b0167ce72057f6ac28cb5fd836896b4d084e,62513098,2026-08-06T23:38:22Z
0x3ae4a3e19239dc135fafd106da7c21054a36c982,1,0xb6e6b0167ce72057f6ac28cb5fd836896b4d084e,62513098,2026-08-06T23:38:22Z
0x3680e6d06a0a4a090c2ba933252fa20c2ab3bf48,1,0xb6e6b0167ce72057f6ac28cb5fd836896b4d084e,62513098,2026-08-06T23:38:22Z
0x3464dd8760b93948b0dad419f6ea6ff6a797371a,1,0xb6e6b0167ce72057f6ac28cb5fd836896b4d084e,62513098,2026-08-06T23:38:22Z
0x33d86141f77c135aec021e5a0c65a4528b9014a3,1,0xb6e6b0167ce72057f6ac28cb5fd836896b4d084e,62513098,2026-08-06T23:38:22Z
0x30f34fe52f0084b8ab44a97d8fe1dd1fd79f9714,1,0xb6e6b0167ce72057f6ac28cb5fd836896b4d084e,62513098,2026-08-06T23:38:22Z
0x308ff48fc1542469e8493237b8c5613c2a49f706,1,0xb6e6b0167ce72057f6ac28cb5fd836896b4d084e,62513098,2026-08-06T23:38:22Z
0x2df4149c9fb5b0a569159276d19a5569fb7cfc0c,1,0xb6e6b0167ce72057f6ac28cb5fd836896b4d084e,62513098,2026-08-06T23:38:22Z
0x297af023e740ec140935b689e1f9fe7c5bb1e04e,1,0xb6e6b0167ce72057f6ac28cb5fd836896b4d084e,62513098,2026-08-06T23:38:22Z
0x252c4da9a0ce583a54475202150349fbb3e80d20,1,0xb6e6b0167ce72057f6ac28cb5fd836896b4d084e,62513098,2026-08-06T23:38:22Z
0x24f6e5ab586b2525d4a3ad424893175f3be1a1e5,1,0xb6e6b0167ce72057f6ac28cb5fd836896b4d084e,62513098,2026-08-06T23:38:22Z
0x24c56bb17f8c442e034e7caef8edf3fc5924a261,1,0xb6e6b0167ce72057f6ac28cb5fd836896b4d084e,62513098,2026-08-06T23:38:22Z
0x23d8240a24d8399156012d6dbb626eec81a8e095,1,0xb6e6b0167ce72057f6ac28cb5fd836896b4d084e,62513098,2026-08-06T23:38:22Z
0x238484625f11a2ecb1477e798fcf39bfc83d2338,1,0xb6e6b0167ce72057f6ac28cb5fd836896b4d084e,62513098,2026-08-06T23:38:22Z
0x20f3581b5c3fed11387320299d64e7178132d19c,1,0xb6e6b0167ce72057f6ac28cb5fd836896b4d084e,62513098,2026-08-06T23:38:22Z
0x1eb32c14b8d1f039fa2cf84117dee61cf02fa7d5,1,0xb6e6b0167ce72057f6ac28cb5fd836896b4d084e,62513098,2026-08-06T23:38:22Z
0x1e2626226cf946209b88edff722cdd9e33409cbc,1,0xb6e6b0167ce72057f6ac28cb5fd836896b4d084e,62513098,2026-08-06T23:38:22Z
0x1cfe2bfc4a162f89072f80aaa40f0d42e7ba2489,1,0xb6e6b0167ce72057f6ac28cb5fd836896b4d084e,62513098,2026-08-06T23:38:22Z
0x1aaf4e956303a2a801250d31b196a5e67fec43c2,1,0xb6e6b0167ce72057f6ac28cb5fd836896b4d084e,62513098,2026-08-06T23:38:22Z
0x199dc2c60e095638310c07678d9fb9b63183e10d,1,0xb6e6b0167ce72057f6ac28cb5fd836896b4d084e,62513098,2026-08-06T23:38:22Z
0x1828486d9c4f4424535ef75e490c559a9c3f87a5,1,0xb6e6b0167ce72057f6ac28cb5fd836896b4d084e,62513098,2026-08-06T23:38:22Z
0x172ecd7f7ca0fd756b11975852c508e55cfc3945,1,0xb6e6b0167ce72057f6ac28cb5fd836896b4d084e,62513098,2026-08-06T23:38:22Z
0x1671c3b19a014a57a7467b9beb50117f2405e193,1,0xb6e6b0167ce72057f6ac28cb5fd836896b4d084e,62513098,2026-08-06T23:38:22Z
0x15fc6ba9931895b0c850b0457eb6759bdf579c7d,1,0xb6e6b0167ce72057f6ac28cb5fd836896b4d084e,62513098,2026-08-06T23:38:22Z
0x15c176880c84fd13b7e8d62557d0670401f91502,1,0xb6e6b0167ce72057f6ac28cb5fd836896b4d084e,62513098,2026-08-06T23:38:22Z
0x1466c392acaaafad2028606bc76429b7a7125de0,1,0xb6e6b0167ce72057f6ac28cb5fd836896b4d084e,62513098,2026-08-06T23:38:22Z
0x145c584f2f022997a9d0e5fcb4346042229525e1,1,0xb6e6b0167ce72057f6ac28cb5fd836896b4d084e,62513098,2026-08-06T23:38:22Z
0x11abe6614e7b1035f529cb878e796cb835b94ffe,1,0xb6e6b0167ce72057f6ac28cb5fd836896b4d084e,62513098,2026-08-06T23:38:22Z
0x0fc201a337065f0a57ae7ed381a01c7a1b1b5a81,1,0xb6e6b0167ce72057f6ac28cb5fd836896b4d084e,62513098,2026-08-06T23:38:22Z
0x0dc5aabfefec34b84bf32704239f370f8656be22,1,0xb6e6b0167ce72057f6ac28cb5fd836896b4d084e,62513098,2026-08-06T23:38:22Z
0x0d68039d547dc3be6ef3d8e9172b0f887f4146b7,1,0xb6e6b0167ce72057f6ac28cb5fd836896b4d084e,62513098,2026-08-06T23:38:22Z
0x0c1bb6646f84a50390ee2544b8737f352b9ed466,1,0xb6e6b0167ce72057f6ac28cb5fd836896b4d084e,62513098,2026-08-06T23:38:22Z
0x0c0ffaaf6378cc0b4118f2752209a206a046d56e,1,0xb6e6b0167ce72057f6ac28cb5fd836896b4d084e,62513098,2026-08-06T23:38:22Z
0x0b72e905ed48beb207ec29bfac83b2b0bc6f56f2,1,0xb6e6b0167ce72057f6ac28cb5fd836896b4d084e,62513098,2026-08-06T23:38:22Z
0x0aa8d7b43a12bad63dd6f8116283d117851cde01,1,0xb6e6b0167ce72057f6ac28cb5fd836896b4d084e,62513098,2026-08-06T23:38:22Z
0x05c83944ac74f85c260369b39331ee51cc041d8a,1,0xb6e6b0167ce72057f6ac28cb5fd836896b4d084e,62513098,2026-08-06T23:38:22Z
0x059d442df7be67e7777f7b56434d2c2e4ae4c79d,1,0xb6e6b0167ce72057f6ac28cb5fd836896b4d084e,62513098,2026-08-06T23:38:22Z
0x03530ccf262002b16f5f502df3c5c5daa080a654,1,0xb6e6b0167ce72057f6ac28cb5fd836896b4d084e,62513098,2026-08-06T23:38:22Z
0x01f1c1670c6d91359d589eb3d7b6b9244ad09ae0,1,0xb6e6b0167ce72057f6ac28cb5fd836896b4d084e,62513098,2026-08-06T23:38:22Z
0x004db9514506c4f9c842036cbc05ef9a6be21c25,1,0xb6e6b0167ce72057f6ac28cb5fd836896b4d084e,62513098,2026-08-06T23:38:22Z
0x00242e0719ec1dafd95d6c70b469728c88dd83a6,1,0xb6e6b0167ce72057f6ac28cb5fd836896b4d084e,62513098,2026-08-06T23:38:22Z
